company_name,location,sector
Systems Front Information Technology Co,Riyadh,Cybersecurity
Moxmon Information Technology Co,Dammam,Cybersecurity
RWISS,Jeddah,Cybersecurity
Squid Technologies,Dammam,Cybersecurity
WASEET COMPANY,Dammam,Cybersecurity
VoiceTech Solutions,Dammam,Cybersecurity
Al Riqa,Jeddah,Cybersecurity
Axelerated Solutions,Riyadh,Cybersecurity
Digital Technology Co,Jeddah,Cybersecurity
Cyberia Group,Riyadh,Cybersecurity
SamaWave,Jeddah,Cybersecurity
Seven Layers IT Solutions,Riyadh,Cybersecurity
Nahil Computers,Riyadh,Cybersecurity
Trusted Security Solutions,Riyadh,Cybersecurity
Matrix Experts,Dammam,Cybersecurity
Houran Sands Company,Riyadh,Cybersecurity
NASAQ,Riyadh,Cybersecurity
Hawsabah,Riyadh,Cybersecurity
Global Technologies Company,Riyadh,Cybersecurity
Suave Technologies,Riyadh,Cybersecurity
MARAKN ALTANMYAH,Riyadh,Cybersecurity
ASE,Riyadh,Cybersecurity
Deisign Time,Jeddah,Cybersecurity
Rightitgroup,Yanbu,Cybersecurity
WafaiCloud,Jeddah,Cybersecurity
Data Wide,Riyadh,Cybersecurity
Cloudshield,Riyadh,Cybersecurity
Zenith Arabia,Riyadh,Cybersecurity
AFNAM Information Technology,Riyadh,Cybersecurity
Gulf Skills Information Technology,Riyadh,Cybersecurity
ROWAD Systems for IT,Riyadh,Cybersecurity
Syad,Riyadh,Cybersecurity
FutureSoft,Dammam,Cybersecurity
Saudi Information Systems,Jeddah,Cybersecurity
Generation Feat,Riyadh,Cybersecurity
Kinonah IT Consulting Services,Riyadh,Cybersecurity
Alkhalijiah,Riyadh,Cybersecurity
Sejel Technology,Jeddah,Cybersecurity
Purity,Riyadh,Cybersecurity
Cyber Content Information Technology,Riyadh,Cybersecurity
STIT Group,Riyadh,Cybersecurity
JODAYN,Riyadh,Cybersecurity
Wakeb_Data,Riyadh,Cybersecurity
Advanced Data Systems,Riyadh,Cybersecurity
K-Tech,Riyadh,Cybersecurity
Safe Technical Bridges,Riyadh,Cybersecurity
Rawasi Information Technology Systems,Riyadh,Cybersecurity
Circles Technology,Riyadh,Cybersecurity
HIGH POINT TECHNOLOGY,Riyadh,Cybersecurity
Najtech,Riyadh,Cybersecurity
Last Vision,Riyadh,Cybersecurity
Falak Computers,Jeddah,Cybersecurity
iPower,Jeddah,Cybersecurity
POINTEC,Jeddah,Cybersecurity
ASSURETEK,Dammam,Cybersecurity
Cyber Security Experts,Dammam,Cybersecurity
Aspiring Technologies,Jeddah,Cybersecurity
Almada,Jeddah,Cybersecurity
Electron Tech,Jeddah,Cybersecurity
Mantech Systems Company,Jeddah,Cybersecurity
MIS - Al Moammar Information Systems,Riyadh,Cybersecurity
Data Protection,Riyadh,Cybersecurity
Dynamic Systems Corporation,Riyadh,Cybersecurity
Ether Gulf Enterprise,Riyadh,Cybersecurity
Global Business Solutions,Dammam,Cybersecurity
AIT,Riyadh,Cybersecurity
Tech Stations,Riyadh,Cybersecurity
Gulf Solutions,Riyadh,Cybersecurity
Alfuzail,Jeddah,Cybersecurity
GulfNet Solutions,Dammam,Cybersecurity
AIK SECURITY,Riyadh,Cybersecurity
Alnafitha International,Jeddah,Cybersecurity
GulfNet Solutions,Dammam,Cybersecurity
SNC ICT,Riyadh,Cybersecurity
Twassol,Riyadh,Cybersecurity
Dar Delta,Riyadh,Cybersecurity
Unicom Group,Riyadh,Cybersecurity
Invent Solutions,Riyadh,Cybersecurity
Cloud Distribution,Riyadh,Cybersecurity
Saudi Paramount Computer Systems,Riyadh,Cybersecurity
Sahara Net,Dammam,Cybersecurity
SMB,Riyadh,Cybersecurity
BMC,Riyadh,Cybersecurity
StarLink,Riyadh,Cybersecurity
AXS,Riyadh,Cybersecurity
Best Info Tech Solutions,Riyadh,Cybersecurity
ICT Systems,Riyadh,Cybersecurity
Raqmya,Dammam,Cybersecurity
Safe Decision,Riyadh,Cybersecurity
SAM IT,Dammam,Cybersecurity
The Facts Works,Riyadh,Cybersecurity
The Leading Global Security Solutions,Jeddah,Cybersecurity
Techworld,Riyadh,Cybersecurity
GMC,Dammam,Cybersecurity
AOT,Riyadh,Cybersecurity
3Anet,Riyadh,Cybersecurity
AESSCO,Riyadh,Cybersecurity
Anmar Tech,Riyadh,Cybersecurity
E Tech,Riyadh,Cybersecurity
Al Malath Al Arabia,Riyadh,Cybersecurity
MeduNet,Riyadh,Cybersecurity
SAT,Jeddah,Cybersecurity
Alhamrani Universal,Jeddah,Cybersecurity
Applied Communication Networks,Riyadh,Cybersecurity
Arabian Computer Supplies,Riyadh,Cybersecurity
Brmaja,Jeddah,Cybersecurity
Digital Security Shield,Riyadh,Cybersecurity
Gulf Technology Valley,Dammam,Cybersecurity
EchoServe,Riyadh,Cybersecurity
EDRAJ,Riyadh,Cybersecurity
Elm Company,Riyadh,Cybersecurity
FNS,Riyadh,Cybersecurity
Haboob,Riyadh,Cybersecurity
Integrated Networks,Riyadh,Cybersecurity
Intelligent Business Solutions,Jeddah,Cybersecurity
ITB,Riyadh,Cybersecurity
ITS²,Riyadh,Cybersecurity
IT Shield Security,Riyadh,Cybersecurity
Leader Group,Riyadh,Cybersecurity
PROCOM,Riyadh,Cybersecurity
Raqmiyat,Riyadh,Cybersecurity
SecureMax,Riyadh,Cybersecurity
TCC,Riyadh,Cybersecurity
Secure Net,Riyadh,Cybersecurity
Spark Professional Services,Jeddah,Cybersecurity
TATRA,Dammam,Cybersecurity
Versos,Riyadh,Cybersecurity
Triple Check Group,Riyadh,Cybersecurity
Technology Track,Riyadh,Cybersecurity
NourNet,Riyadh,Cybersecurity
Innovative Solutions SA,Riyadh,Cybersecurity
Intelligent Technologies Labs,Riyadh,Cybersecurity
ITCL,Riyadh,Cybersecurity
SINAM IT Solutions,Riyadh,Cybersecurity
Trusted Partners,Riyadh,Cybersecurity
VXG,Riyadh,Cybersecurity
Taqat Technologies,Riyadh,Cybersecurity
Alfanar IT,Riyadh,Cybersecurity
Infratech,Riyadh,Cybersecurity
ITPS,Riyadh,Cybersecurity
AlJammaz Technologies,Riyadh,Cybersecurity
IFE,Riyadh,Cybersecurity
Seniors IT,Riyadh,Cybersecurity
Watad,Dammam,Cybersecurity
Fingerprint Consultancy,Riyadh,Cybersecurity
Saudi BTI,Riyadh,Cybersecurity
Beyond Technology Al Saudia,Riyadh,Cybersecurity
PROTONZ Technologies | بروتونز,Riyadh,Web Hosting
AMZ Advanced Technology,Jeddah,Web Hosting
Taqnia Al-Multazim | TAM,Riyadh,Web Hosting
XERMS (Private) Limited,Jeddah,Web Hosting
Virtual Technology Est.,Riyadh,Web Hosting
AL Saraya Web Hosting,Diriyah,Web Hosting
Jeddahsoft,Jeddah,Web Hosting
Brain Space,Jeddah,Web Hosting
Gulf Ideal Applications,Dammam,Web Hosting
UniqueStar Web Host and Net Solutions,Riyadh,Web Hosting
IM Solutions,,Web Hosting
Integrated Telecom Company,Riyadh,Web Hosting
SPIZON WEB DESIGN & DEVELOPMENT,Dammam,Web Hosting
Aftab Hashim Othman Est.,Jeddah,Web Hosting
Systems & Safety Est.,Riyadh,Web Development
ALMUSANED INTERNATIONAL COMPANY,Dammam,Web Development
Creative Solutions Co Ltd,Riyadh,Web Development
PROTONZ Technologies | بروتونز,Riyadh,Web Development
Techno Finiti,Riyadh,Web Development
Cipher Solutions,Riyadh,Web Development
SPIZON WEB SOLUTIONS,Al Khobar,Web Development
Daleel Advertising Co. Ltd,Al Khobar,Web Development
Knowledge Bases Est,Riyadh,Web Development
Systems Knowledge,Riyadh,Web Development
"Web Design Saudi, Web Development Saudi",Riyadh,Web Development
The Guardianchief,Riyadh,Web Development
AMZ Advanced Technology,Jeddah,Web Development
Digital Image,Jeddah,Web Development
End To End Solutions,Jeddah,Web Development
Black Grapes,Riyadh,Web Development
COMMERCIAL TECHNOLOGIES PLUS,Al Khobar,Web Development
GHS growth hack services,Riyadh,Web Development
Ibtikar Technologies,Jeddah,Web Development
Taqnia Al-Multazim | TAM,Riyadh,Web Development
Alan web agency,Riyadh,Web Development
Aziziyah Horizons,Jeddah,Web Development
Dtech Systems,Riyadh,Web Development
NUMNY LLC,Riyadh,Web Development
Scientific Web Solutions,Riyadh,Web Development
Vision Advertising Agency,Jeddah,Web Development
Advanced applications for information technology,Al Jubail,Web Development
Attar Software Engineering,Jeddah,Web Development
Union Mark Agecny,Jeddah,Web Development
ABDUL RAHMAN HUSSAIN ATTAR TRADING. EST.,Jeddah,Web Development
MindMade Technologies,,Web Designers
"Web Design Saudi, Web Development Saudi",Riyadh,Web Designers
PACE,Jeddah,Web Designers
Al Johan Trading & Contracting Est.,Dammam,Web Designers
Aziziyah Horizons,Jeddah,Web Designers
Vision Advertising Agency,Jeddah,Web Designers
orbitbeam Digital advertising agencies,Riyadh,Web Designers
3D IT Solution Company,Jeddah,Web Designers
Virtual Technology Est.,Riyadh,Web Designers
Yuzr Technologies,Al Khobar,Web Designers
Jed Technology,Jeddah,Web Designers
AdsManHRS,Al Khobar,Web Designers
Aouf,Riyadh,Web Designers
Jeddahsoft,Jeddah,Web Designers
ThoughtWares Consulting & Multi Services International ,Dammam,Web Designers
Golden Leadership IT Solutions,Dammam,Web Designers
ArabianQS,Jeddah,Web Designers
Prolines,Jeddah,Web Designers
Mazaya Web Solutions,Jeddah,Web Designers
Magento Experts,Abha,Web Designers
ALL-ARABS.COM,,Web Designers
Designers-Den,Jeddah,Web Designers
INTERNEC SAUDI ARABIA,Riyadh,Web Designers
MENA ESOLUTIONS,Riyadh,Web Designers
RAM WORLD,Riyadh,Web Designers
WEBASITE.COM,Dhahran,Web Designers
123ARAB.COM,Dammam,Web Designers
WEB SAT ARABIA,Riyadh,Web Designers
AL-SHUGAA ESTABLISHMENT FOR GENERAL TRADING CONTRACTING,Riyadh,Web Designers
AWALNET,Riyadh,Web Designers
ALMUSANED INTERNATIONAL COMPANY,Dammam,Software Applications
Creative Solutions Co Ltd,Riyadh,Software Applications
AlfaPeople ME,Riyadh,Software Applications
"Sage Middle East - Accounting, HR, CRM & ERP software in Saudi Arabia",Riyadh,Software Applications
Cipher Solutions,Riyadh,Software Applications
ERP Software Solution in Riyadh,Riyadh,Software Applications
Openway,Dammam,Software Applications
CMMS and FMS and Asset Management System By Easy Ware Solutions,Riyadh,Software Applications
Admak Business Solutions,Riyadh,Software Applications
Adwaa Al Shugaa,Riyadh,Software Applications
Focus Software Solutions Co Ltd,Jeddah,Software Applications
Inspire for Solutions Development,Riyadh,Software Applications
Knowledge Bases Est,Riyadh,Software Applications
VAT Software Riyadh - KEY SOFTWARE SOLUTION,Riyadh,Software Applications
SMSCountry Trading Est.,Dammam,Software Applications
Systems Knowledge,Riyadh,Software Applications
Absolute Solutions,Riyadh,Software Applications
Juego Studios,Riyadh,Software Applications
Saudi Tracking Solutions(STS),Riyadh,Software Applications
"Binary Integrated Technology Solutions, BITS",Riyadh,Software Applications
End To End Solutions,Jeddah,Software Applications
Sigmatech Business Consultancy,Jeddah,Software Applications
COMMERCIAL TECHNOLOGIES PLUS,Al Khobar,Software Applications
Fusion Informatics,Riyadh,Software Applications
Ibtikar Technologies,Jeddah,Software Applications
Leen Gulf,Riyadh,Software Applications
Taqnia Al-Multazim | TAM,Riyadh,Software Applications
Attar Software Engineering,Jeddah,Software Applications
CodeXina Technologies,Riyadh,Software Applications
CompuSOFT - Engineering Software,Jeddah,Software Applications
Advanced applications for information technology,Al Jubail,Computer Services
Attar Software Engineering,Jeddah,Computer Services
DIGITECH Arabia,Al Khobar,Computer Services
ABDUL RAHMAN HUSSAIN ATTAR TRADING. EST.,Jeddah,Computer Services
Burgeon Info Systems,Al Jubail,Computer Services
Imteyaz Electronics,Jeddah,Computer Services
MAI COMPUTER SERVICES (MOHD. ABBAS ISMAIL EST.),Jeddah,Computer Services
SKYBAND CO.,Riyadh,Computer Services
DriveHR,Riyadh,Computer Services
GULF GROUP FOR MECHANICAL & ELECTRICAL WORKS,Riyadh,Computer Services
Modern Electronics Center (MEC),Jeddah,Computer Services
Saleteams,Dammam,Computer Services
Infoline Technologies Co. Ltd,Jeddah,Computer Services
SMART TECH TRAD EST.,Dammam,Computer Services
ADWAA AL JAZIRAH TRADING EST,Riyadh,Computer Services
Al-Hayla Computer Est.,Riyadh,Computer Services
FAKIEH POULTRY FARMS,Jeddah,Computer Services
ABDULLAH NASER TRADING EST,Yanbu,Computer Services
PC TIME,Jeddah,Computer Services
A A MOJBIL CONT EST,Al Khobar,Computer Services
Seodubai.ae,,Computer Services
ZEDAN INFORMATION ENGINEERING,Jeddah,Computer Services
ARAB NATIONAL BANK (TELE MONEY CENTER),Tabuk,Computer Services
AL MASDAR SAUDI SYSTEMS CORP,Riyadh,Computer Services
FUTURE ORBIT,Riyadh,Computer Services
Saudi Arabian Engineering Co Ltd (SAECO),Al Khobar,Computer Services
Yokogawa Saudi Arabia Co,Al Khobar,Computer Services
AL-KHALEEJ COMPUTERS & ELECTRONIC SYSTEM,Jeddah,Computer Services
"AL-NAHDI, MOHAMED S. TRADING CO., LTD.",Jeddah,Computer Services
"AL RUMAIH, MOHAMMED MANSOUR TRADING CO.",Jeddah,Computer Services
ALMUSANED INTERNATIONAL COMPANY,Dammam,Computer Software Solution
Creative Solutions Co Ltd,Riyadh,Computer Software Solution
"Optimal Business Solutions ""OBS""",Dammam,Computer Software Solution
Digital Myth Solutions,Dammam,Computer Software Solution
e-Procure,Riyadh,Computer Software Solution
(ABS) ADVANCED BUSINESS SOLUTIONS,Riyadh,Computer Software Solution
AlfaPeople ME,Riyadh,Computer Software Solution
Bin Hindi Infotech Co.,Al Khobar,Computer Software Solution
"Sage Middle East - Accounting, HR, CRM & ERP software in Saudi Arabia",Riyadh,Computer Software Solution
Techno Finiti,Riyadh,Computer Software Solution
Cipher Solutions,Riyadh,Computer Software Solution
ERP Software Solution in Riyadh,Riyadh,Computer Software Solution
ERP Software,Riyadh,Computer Software Solution
Hal Forever IT Systems,Jeddah,Computer Software Solution
Openway,Dammam,Computer Software Solution
CMMS and FMS and Asset Management System By Easy Ware Solutions,Riyadh,Computer Software Solution
Forsa HR,Al-Abwa,Computer Software Solution
Inspire for Solutions Development,Riyadh,Computer Software Solution
Knowledge Bases Est,Riyadh,Computer Software Solution
VAT Software Riyadh - KEY SOFTWARE SOLUTION,Riyadh,Computer Software Solution
SMSCountry Trading Est.,Dammam,Computer Software Solution
Systems Knowledge,Riyadh,Computer Software Solution
AccuWare [Modern Data Systems],Jeddah,Computer Software Solution
Juego Studios,Riyadh,Computer Software Solution
"Binary Integrated Technology Solutions, BITS",Riyadh,Computer Software Solution
End To End Solutions,Jeddah,Computer Software Solution
FSSi Technologies ,Al Khobar,Computer Software Solution
Ibtikar Technologies,Jeddah,Computer Software Solution
Attar Software Engineering,Jeddah,Computer Software Solution
CompuSOFT - Engineering Software,Jeddah,Computer Software Solution
Industrial Projects Technologies Co (IPTech),Al Khobar,Computer Software Solution
TransnetiX Interactive Pty Ltd,,Computer Software Solution
ABDUL RAHMAN HUSSAIN ATTAR TRADING. EST.,Jeddah,Computer Software Solution
HalaYalla Super App,Riyadh,Computer Software Solution
InfraTech,Riyadh,Computer Software Solution
POS Restaurant Software - Spiral POS,Mecca,Computer Software Solution
Datastone Solutions,Jeddah,Computer Software Solution
Polosys Technologies,Al Khobar,Computer Software Solution
Wireless Marketer,Riyadh,Computer Software Solution
Explore it solution,Khaybar,Computer Software Solution
DriveHR,Riyadh,Computer Software Solution
Automax Total Operations Management Solutions,Riyadh,Computer Software Solution
BAASAAD TECHNOLOGIES,Al Khobar,Computer Software Solution
Dedicated Solutions,Al Khobar,Computer Software Solution
SolutionDots Systems,Riyadh,Computer Software Solution
Edesign.com.sa Best Web Design & Development Company Saudi Arabia,Jeddah,Computer Software Solution
Golden Leadership IT Solutions,Dammam,Computer Software Solution
Saleteams,Dammam,Computer Software Solution
Saleteams,Dammam,Computer Software Solution
Digital Computer Systems Co. Ltd. ( DIGICOM ),Riyadh,Computer Software Solution
DriveHR,Riyadh,Computer Software Solution
Infoline Technologies Co. Ltd,Jeddah,Computer Software Solution
SolutionDots Systems,Riyadh,Computer Software Solution
Webs Utility Global LLP,Riyadh,Computer Software Solution
AiN Technologies,Riyadh,Computer Software Solution
CompuSoft,Dammam,Computer Software Solution
Documantal,Jeddah,Computer Software Solution
Grape Unicom,Dammam,Computer Software Solution
Quality Professionals,Riyadh,Computer Software Solution
SMART TECH TRAD EST.,Dammam,Computer Software Solution
SunSmart Global,Dhahran,Computer Software Solution
Taskyinn,Jeddah,Computer Software Solution
Compusoftme,Al-Hasa,Computer Software Solution
Experts International Information Systems,Riyadh,Computer Software Solution
Light Star For Trading,Riyadh,Computer Software Solution
Smartec IT & Security Solutions,Jeddah,Computer Software Solution
Systems Corner for Information Technology,Jeddah,Computer Software Solution
SaudiINFOSYS,Jeddah,Computer Software Solution
Maze Solutions,Riyadh,Computer Software Solution
Comtech Solutions - VisionCore,Medina,Computer Software Solution
Al Najim Computer Center,Dammam,Computer Software Solution
Al Daghfaq Trading Est,Dammam,Computer Software Solution
Kidman Trading Services Est.,Dammam,Computer Software Solution
Abdullah Baabbad Est,Jeddah,Computer Software Solution
Abdullah & Osamah Abolhasan Co,Jeddah,Computer Software Solution
Abdulla Fouad Holding Co,,Computer Software Solution
Abdullah & Osamah Abolhasan Computer Co,Jeddah,Computer Software Solution
Ablad Computer Est,Riyadh,Computer Software Solution
Accessory Trading Est.,Dammam,Computer Software Solution
Accounting Technology,,Computer Software Solution
ADAPTIVE TECHSOFT,Riyadh,Computer Software Solution
Adheeb Intergraph Saudi Arabia Co.,Riyadh,Computer Software Solution
Adji Solutions Est,Riyadh,Computer Software Solution
Adma Business Solutions,Jeddah,Computer Software Solution
Advanced Ideas Computer Est.,Riyadh,Computer Software Solution
Advanced Computers & Systems,,Computer Software Solution
Advanced Programs Trading Co,Riyadh,Computer Software Solution
Advance Program Solutions Int'l Est,,Computer Software Solution
Advanced Antecedent,Riyadh,Computer Software Solution
Advanced Solutions ( Microtech ),Riyadh,Computer Software Solution
Advanced Systems & Technologies Co,Dammam,Computer Software Solution
Ahmed Mohd Asadi Trading Co.,Khamis Mushait,Computer Software Solution
Ahmed Mohd Asadi Trading Co,,Computer Software Solution
Ajal General Contracting Co,Jeddah,Computer Software Solution
Ajial Al Asr For Computer Est,Jeddah,Computer Software Solution
ALAMRIA TRADING & INDUSTRIAL INVESTMENT CO LTD,Jeddah,Computer Software Solution
AL ALAMIAH ELECTRONICS,Al Khobar,Computer Software Solution
Al Alawi Stars for Information Systems - sinmar,Jeddah,Computer Software Solution
Al Ajayal For Information Systems Co,Jeddah,Computer Software Solution
Al Ameen Accounting System,Jeddah,Computer Software Solution
Al Ajyal Information Technology Co. Ltd,Riyadh,Computer Software Solution
Al Afari For Computer,Riyadh,Computer Software Solution
Al Ajyal Information Technology Company,,Computer Software Solution
Al Amazon Information Technolgy,Jeddah,Computer Software Solution
Al Anani Group of Companies,Jeddah,Computer Software Solution
Al Aqeel Cont. & Real Estate,,Computer Software Solution
AL BATTI COMMERCIAL CENTER,Jeddah,Computer Software Solution
Al Dhwalej Technology Co,Dammam,Computer Software Solution
Al Ethraa Computer & Languages Institute,Buraydah,Computer Software Solution
Al Emtiyaz Arabian Dev. Co. Ltd,Riyadh,Computer Software Solution
Al Faisalia Holding Group Co. Ltd,Riyadh,Computer Software Solution
Al falak,Jeddah,Computer Software Solution
Al Hataby Computers & Communication Systems,Dammam,Computer Software Solution
AL HARAMAIN EST FOR COMPUTERS,Jeddah,Computer Software Solution
Al Jazeerah Systems Est,Dammam,Computer Software Solution
Al Joul Information Tech. Co.,Riyadh,Computer Software Solution
Al Jabri For Systems & Computers,Jeddah,Computer Software Solution
Al Jol Information Technology Co. Ltd,,Computer Software Solution
Al Jomaih & Petropau Arabia Ltd,Riyadh,Computer Software Solution
Al Kadi Advanced Applications Co,Jeddah,Computer Software Solution
Al Khazaen Technical Information,Jeddah,Computer Software Solution
Al Kaff For Computer,Riyadh,Computer Software Solution
Al Khars Trading Center,,Computer Software Solution
Al Muftah Equipment Connection Est,Jeddah,Computer Software Solution
Al Monbet Trading Est.,Riyadh,Computer Software Solution
Al Maddar (Computer - English Language -Administrative Development),Riyadh,Computer Software Solution
Al Malaheq Electronic Est.,Dammam,Computer Software Solution
Al Mathal Trading Est.,Riyadh,Computer Software Solution
Al Makamin Trading Est.,Dammam,Computer Software Solution
Al Mansour Toys Center,,Computer Software Solution
Al Ma'aref Technology Est,,Computer Software Solution
Al Manara Computer System Co,Riyadh,Computer Software Solution
Al Manbat Computer Est,Riyadh,Computer Software Solution
Al Moneer PC & Networking Est,Riyadh,Computer Software Solution
Al Muneer PC & Networking Est,Riyadh,Computer Software Solution
Al Mutlaq United Company,Jeddah,Computer Software Solution
Al Nakhbah Computers System Co.,Riyadh,Computer Software Solution
Al Nafitha International Information Technology,Jeddah,Computer Software Solution
Al Naqil Al Dhahabi For It & Systems,Riyadh,Computer Software Solution
Al Nour Al Hadi For Information Technology,Riyadh,Computer Software Solution
Al Nukhbah Computers System Solutions Co,Riyadh,Computer Software Solution
Al-Othman Information Technology,Al Khobar,Computer Software Solution
Al Orf For Data Systems & Computer,Riyadh,Computer Software Solution
Al Qamareyat Computer Est,,Computer Software Solution
Al Rumaihi Trading Ltd,Jeddah,Computer Software Solution
Al Rada Computer & Information Technology Co,Jeddah,Computer Software Solution
Al Rajhi Soft,Riyadh,Computer Software Solution
Al Rashedi Computers & Telecommunication,Jeddah,Computer Software Solution
Al Reda for IT & Computers,Riyadh,Computer Software Solution
Al Ruwad Tech Systems Co. Ltd,Jeddah,Computer Software Solution
Al Shamelah Distribution Works Est,Jeddah,Computer Software Solution
AL SAFWA COMPUTER SYSTEM,Jeddah,Computer Software Solution
ALSUFIANI COMPUTERS EST,Jeddah,Computer Software Solution
Al Safa Systems & Technology Co,Riyadh,Computer Software Solution
Al Sawwab Information Technology,Yanbu,Computer Software Solution
Al Tal for Accounting Systems,Riyadh,Computer Software Solution
Al Taqadom Computer Est,Jeddah,Computer Software Solution
Al waseet Service For Computer Est.,Dammam,Computer Software Solution
Al Wahabi Co,Dammam,Computer Software Solution
Al Yusser Computer Business,Dammam,Computer Software Solution
Al Yusr Trading Est,,Computer Software Solution
Al Zilaiae Computer Center,Abha,Computer Software Solution
AMANTECH COMPUTER & INFO TECH,Riyadh,Computer Software Solution
Amrou Taher Trading Est.,Jeddah,Computer Software Solution
AMTECH,Jeddah,Computer Software Solution
Anmar Technology Trading Co.,Riyadh,Computer Software Solution
Anmar Technology Trading Co,Riyadh,Computer Software Solution
Applied Data Computers Software Est,Jeddah,Computer Software Solution
Applied Computer Service Co (SEDCO),Riyadh,Computer Software Solution
Applied Systems Group,Jeddah,Computer Software Solution
Applied Systems Group,Riyadh,Computer Software Solution
Applied Solutions,Jeddah,Computer Software Solution
Ara Soft Computer Co.,Riyadh,Computer Software Solution
Ara Soft,Buraydah,Computer Software Solution
Arab Data Company,Riyadh,Computer Software Solution
Arabian Computer Programs Est.,Riyadh,Computer Software Solution
Arabic Computer System Co.,Riyadh,Computer Software Solution
Arabian Micro Source,Khamis Mushait,Computer Software Solution
Arabia Arasoft Store,,Computer Software Solution
Ara Soft Company,,Computer Software Solution
Arabian Microsoft Co.,Riyadh,Computer Software Solution
ARAB INFORMATION SYSTEMS,Riyadh,Computer Software Solution
Arabian System's Tech ( ARABTEC ),,Computer Software Solution
Arab Software Computer Co. ( ASCON ),Jeddah,Computer Software Solution
Ara Soft Store,Riyadh,Computer Software Solution
Arab Center for Computer,,Computer Software Solution
Arab Stars Est,Riyadh,Computer Software Solution
Arabian Advanced Systems Co,Riyadh,Computer Software Solution
Ariss Software,Dammam,Computer Software Solution
As-Hal Systems For Complete Solutions,Jeddah,Computer Software Solution
Asia Computer Co. Ltd,Riyadh,Computer Software Solution
Aspentech Middle East Est,,Computer Software Solution
Assist Saudia Arabia Ltd,Riyadh,Computer Software Solution
ASSAWARI DATA SYSTEMS,Jeddah,Computer Software Solution
Atheeb Intergrapg Saudi Co Ltd,Riyadh,Computer Software Solution
Athriya Systems,Riyadh,Computer Software Solution
Azkiyah Systems & Computers,Jeddah,Computer Software Solution
BADER AL MADINA COMPUTER,,Computer Software Solution
BAHAMDEIN COMPUTER SYSTEMS CO LTD,Jeddah,Computer Software Solution
Banaoun Co. For Computer Solutions,Riyadh,Computer Software Solution
Bassim A Adrah Computer Systems Est.,Jeddah,Computer Software Solution
Bassim A. Al Zamil Trading Est.,Riyadh,Computer Software Solution
BAYA NAT COMPUTER SYSTEMS,Riyadh,Computer Software Solution
Bernamej Computer & Software Office,Riyadh,Computer Software Solution
Bin KabousInformation Technology,Jeddah,Computer Software Solution
Bin Hasumah Computer Office Equipment Est.,Khamis Mushait,Computer Software Solution
Bin Hasosah Computer Office Equipment Est,Khamis Mushait,Computer Software Solution
Bin Hindi For Technology,Al Khobar,Computer Software Solution
Binary Integrated Technology Solutions,Riyadh,Computer Software Solution
Bronas Information Technology,,Computer Software Solution
Buildtech,,Computer Software Solution
Business Soft,Riyadh,Computer Software Solution
BUSINESS LAW PLANNERS,Al Khobar,Computer Software Solution
Businees Men Pro ( 3GCO ),Abha,Computer Software Solution
Business Systems Est. Al Kharashi Group,Riyadh,Computer Software Solution
Business Systems Solutions,Riyadh,Computer Software Solution
Canon Co. (Abdulghani El Ajou Group),Jeddah,Computer Software Solution
Cells Technology & Information Est.,Riyadh,Computer Software Solution
Center Trading Est,Riyadh,Computer Software Solution
Computer Jungle Est.,,Computer Software Solution
Computer Associates Arabia Co.,Riyadh,Computer Software Solution
Computers Software Trading Co Ltd,Jeddah,Computer Software Solution
Computer Systems Consulting Corp.,Riyadh,Computer Software Solution
Computer House Est.,Riyadh,Computer Software Solution
Computer Science Co.,Riyadh,Computer Software Solution
Commission Computer Technology Co.,Riyadh,Computer Software Solution
Computer Software Trading Est.,Riyadh,Computer Software Solution
Computer Waves Est.,Riyadh,Computer Software Solution
Computer Arabian United Co.,Riyadh,Computer Software Solution
Compuland,Dammam,Computer Software Solution
COMPUTER SYSTEMS,Riyadh,Computer Software Solution
COMPUBAKHSH,Jeddah,Computer Software Solution
Compusoft,,Computer Software Solution
Commercial Solutions Est,Riyadh,Computer Software Solution
Commission Computer Technology Co,Riyadh,Computer Software Solution
Compu Mind Est,Riyadh,Computer Software Solution
Compu Smart Information Technology,Jeddah,Computer Software Solution
Computer Science Co,Riyadh,Computer Software Solution
Computer Soft Co. Ltd,Riyadh,Computer Software Solution
Computer Software Co. Ltd,,Computer Software Solution
Consulting Computer Software Est.,Riyadh,Computer Software Solution
Conceptual Soft,Riyadh,Computer Software Solution
CRESCENTECH MICRO COMPUTER SYSTEMS,Jeddah,Computer Software Solution
Crucial Solutions Trading Est,,Computer Software Solution
DAR AL MOALLIM,Jeddah,Computer Software Solution
Dar Khateeb Software & Net Works Co,Tabuk,Computer Software Solution
Data Technology Advanced Achieveornt Co,Jeddah,Computer Software Solution
Data Saving Est,Riyadh,Computer Software Solution
Data Ocean,Jeddah,Computer Software Solution
Data Technology Advanced Achievement Co,Jeddah,Computer Software Solution
Dera Al Salam Co.,Riyadh,Computer Software Solution
Dera Al Salam Co,Riyadh,Computer Software Solution
Derby International Technology,Jeddah,Computer Software Solution
Developers & Designers,Riyadh,Computer Software Solution
Different Soln. Info. Technology Co. Ltd,Jeddah,Computer Software Solution
Digital Future Est.,Riyadh,Computer Software Solution
Digital Future Computers Software,Riyadh,Computer Software Solution
Digital Planning,,Computer Software Solution
Dimensions Trading Office,Riyadh,Computer Software Solution
Diyam Computer,Riyadh,Computer Software Solution
Droob,,Computer Software Solution
3D Systems Est,Riyadh,Computer Software Solution
Eartech Information Technology,,Computer Software Solution
Easy Way Solutions,Riyadh,Computer Software Solution
EDI-Staffbuilders / John Clements IT Consulting Group,Riyadh,Computer Software Solution
Egyptian Saudi Co. For Information Technology,Riyadh,Computer Software Solution
Ejada Co. For Solutions & Systems,Riyadh,Computer Software Solution
Ejada Systems Co. Ltd,Riyadh,Computer Software Solution
El Ajou,Jeddah,Computer Software Solution
ELECTRO,Riyadh,Computer Software Solution
Electronic Business Company,Riyadh,Computer Software Solution
Embro Information Technology,Riyadh,Computer Software Solution
Experts IT Co,,Computer Software Solution
Fancy Technologies,Riyadh,Computer Software Solution
Fast Style Technology Est.,Riyadh,Computer Software Solution
Fifth Dimension Est For IT,Riyadh,Computer Software Solution
Fiker Computer & Communication Est.,,Computer Software Solution
Fine ProSoft,Jeddah,Computer Software Solution
First Global Technology Co.,Jeddah,Computer Software Solution
First Global Technology Co,Jeddah,Computer Software Solution
First Memory Computer,Riyadh,Computer Software Solution
First quality Est,Dammam,Computer Software Solution
Focus Soft Ware Solutions Co. Ltd,,Computer Software Solution
Fuji Atlas World Exchange Centering,Jeddah,Computer Software Solution
Future Technology Electronics Co,Dammam,Computer Software Solution
Futureware IT,Dammam,Computer Software Solution
Future Digital Systems,Jeddah,Computer Software Solution
Future Gates for Software & Websites,Riyadh,Computer Software Solution
Galaxy Co,Riyadh,Computer Software Solution
GENERAL INFORMATION SYSTEMS TECHNOLOGY LTD,Riyadh,Computer Software Solution
Geographical Systems Est,Riyadh,Computer Software Solution
Ghadeer Information Technology,Riyadh,Computer Software Solution
3G Information Technology,Riyadh,Computer Software Solution
Globe Sign Co,Jeddah,Computer Software Solution
Globe Soft Co,Jeddah,Computer Software Solution
GlobeSoft - Farsi Group,Jeddah,Computer Software Solution
Gotevot Computer Centre,Riyadh,Computer Software Solution
Gulf Co. for Commercial Services,Riyadh,Computer Software Solution
Habib For Software,Jeddah,Computer Software Solution
HAMRA SOFTWARE & SYSTEMS CONSULTANTS,Jeddah,Computer Software Solution
Harf Information Technology Co.,Riyadh,Computer Software Solution
Harf Information Technology Co,Riyadh,Computer Software Solution
Hassan Kondah Est. Skynet Information Technoloom,Riyadh,Computer Software Solution
Heritage Center Software Co.,Riyadh,Computer Software Solution
HMR SYSTEMS - HASSAN MONAIZAL AL ROMAN EST,Riyadh,Computer Software Solution
Holool Net,,Computer Software Solution
Houston Technologies Limited,Riyadh,Computer Software Solution
House of Development IT. Co,Jeddah,Computer Software Solution
IDEC,Al Khobar,Computer Software Solution
Ideal Execution Services Est,Riyadh,Computer Software Solution
Information Systems For Training,Riyadh,Computer Software Solution
Information Management Technologies Co,Al Khobar,Computer Software Solution
INJAZAT INFORMATION TECHNOLOGY,Jeddah,Computer Software Solution
Innovative Business Solutions (IBS),Jeddah,Computer Software Solution
Integrated Projects Co. Ltd,Riyadh,Computer Software Solution
International Technology Joint Co.,Riyadh,Computer Software Solution
International Data Systems Company,Riyadh,Computer Software Solution
International Software Computer Co,Jeddah,Computer Software Solution
Integrated Systems Co.,Dammam,Computer Software Solution
Int'l. Ideas City Est. For Computer Software,Riyadh,Computer Software Solution
INTEGRATED CIRCUITS EST,Riyadh,Computer Software Solution
INTERNATIONAL COMPUTER SYSTEMS,Jeddah,Computer Software Solution
Internet Solutions,Jeddah,Computer Software Solution
Integrated Arabian Co. For Modern Applications,Jeddah,Computer Software Solution
Integrated Investments,Riyadh,Computer Software Solution
Integrated Systems Co,Al Khobar,Computer Software Solution
Interactive Saudi Arabia Ltd,Riyadh,Computer Software Solution
International Key Co. For Telecom & Computer,Riyadh,Computer Software Solution
International Technology Joint Co,Riyadh,Computer Software Solution
Iss Consuiting Integrated Software Solutions,Jeddah,Computer Software Solution
I T M E Group,Al Khobar,Computer Software Solution
IT Pillars For IT Services,Jeddah,Computer Software Solution
Itqan International Information System,Dammam,Computer Software Solution
IT Security & Solutions,,Computer Software Solution
IT Sphere Co,Riyadh,Computer Software Solution
IT Worx For Information Techology,Riyadh,Computer Software Solution
Jaddah Biocity Limited Company,Jeddah,Computer Software Solution
Jalaz Trading Est,Riyadh,Computer Software Solution
Jamal Ibrahim Al Jasem Est.,Dammam,Computer Software Solution
Jawanb Al Tegnia For Trading (ste),Riyadh,Computer Software Solution
Jeddah Soft,Jeddah,Computer Software Solution
Jeddah International Computer Institute,,Computer Software Solution
"Jeddah Resources For Computer, Electronics & Multimedia",Jeddah,Computer Software Solution
JERAISY COMPUTER SERVICE,Al Khobar,Computer Software Solution
Kama International Est.,Riyadh,Computer Software Solution
Kayan Trading Technology Est,Riyadh,Computer Software Solution
Kenda Corner Trading Est,Riyadh,Computer Software Solution
Khaled Ahmed Trading Est,Jeddah,Computer Software Solution
Khaldoun Computer Works Est,Jeddah,Computer Software Solution
Khaled Baa Abdullah Trading Est.,Jeddah,Computer Software Solution
Khaldoun Comp. Services Est,Jeddah,Computer Software Solution
Khalil I. Al Dosary Computer Systems Est. ( KCS ),,Computer Software Solution
Khibrat Computer Solutions Center,Riyadh,Computer Software Solution
Kingdom Holding Co,Riyadh,Computer Software Solution
Knowledge Net Co.,Riyadh,Computer Software Solution
Knowledge Technology For Advanced Education Co. Ltd,Riyadh,Computer Software Solution
Ko Shak Information Technology & Designs,Jeddah,Computer Software Solution
LCC Saudi Arabia,Riyadh,Computer Software Solution
L3 Communications Intergrated System,Riyadh,Computer Software Solution
Login Point Est. For Electronics,Riyadh,Computer Software Solution
Lunar Trading Est,,Computer Software Solution
Mahaam Al Khaleej Electronics Co,Dammam,Computer Software Solution
MAHBOUB TRADING EST ( COMPUTER DIVISION ),Jeddah,Computer Software Solution
Majed Computer Est.,Riyadh,Computer Software Solution
MAJED H KHOJA EST,Jeddah,Computer Software Solution
Makamin Trading Est,Jeddah,Computer Software Solution
Manar Computer System Est.,Riyadh,Computer Software Solution
Manajment Data Systems Co.,Riyadh,Computer Software Solution
MANAGEMENT SYSTEMS CONSULTANTS,Riyadh,Computer Software Solution
Mantech Computers & Telecommunication Co. Ltd,Riyadh,Computer Software Solution
Manal Soft For Accounting Programmes,,Computer Software Solution
Management Data Systems Co,Riyadh,Computer Software Solution
Management Techinology For Computer,Riyadh,Computer Software Solution
Meer International Co.,Riyadh,Computer Software Solution
Mejdaf Group,Jeddah,Computer Software Solution
Microns Multimedia International Computer Co. Ltd,Riyadh,Computer Software Solution
Micro Networks Co. Ltd,Dammam,Computer Software Solution
MICROART - Technology Resource Trading Est,Riyadh,Computer Software Solution
Middle East Computer Co.,Dammam,Computer Software Solution
Middle East Computer Software Development,Riyadh,Computer Software Solution
Mneef Al Nahdi Co.,Riyadh,Computer Software Solution
Mneef Al Nahdi Co,Riyadh,Computer Software Solution
Modern Data System Est,Jeddah,Computer Software Solution
Mohammed Hasen Al Erani Trading Est.,Riyadh,Computer Software Solution
Mohd. Abbas Al Houthi Trading Est.,Riyadh,Computer Software Solution
Mohammed Mansour Al Rumaih Est,Al Khobar,Computer Software Solution
MOHAMMED B D AL ZAHRANI COMMERCIAL EST,Riyadh,Computer Software Solution
Mohammed Amin Saad Est,Jeddah,Computer Software Solution
Mr. Computer Trading Est,Riyadh,Computer Software Solution
Mubarek Al Jaberi Est.,Jeddah,Computer Software Solution
Multi Solutions Est,Riyadh,Computer Software Solution
My Information Co,Riyadh,Computer Software Solution
Nabra Technical Trading Co,Riyadh,Computer Software Solution
Nahil Computers (Al Motokamel)ERP,Riyadh,Computer Software Solution
Najiah Abdul Latif Computer Sofware Co.,Jeddah,Computer Software Solution
National Comuter Systems Co,Jeddah,Computer Software Solution
National Systems Computer Co.,Riyadh,Computer Software Solution
National Data & Solutions Service Co,Dammam,Computer Software Solution
Net Ways Est.,Riyadh,Computer Software Solution
Netwayz Arabia,Riyadh,Computer Software Solution
Net Soft Co,Dammam,Computer Software Solution
New Era Technology Co,Riyadh,Computer Software Solution
New Way Integrated IT Solutions,Riyadh,Computer Software Solution
New Soft Co,Riyadh,Computer Software Solution
New Way Group,Riyadh,Computer Software Solution
NIIT Education Al Hamoud Business Development,Dammam,Computer Software Solution
o. Branch Of Mohamed Yousf M. El Sayed & Co,Riyadh,Computer Software Solution
Omer Q. Al Eisaei Telecom Co.,Riyadh,Computer Software Solution
Omer Q. Al Eisaei Telecom Co,Riyadh,Computer Software Solution
Online Infocom Saudi Ltd,,Computer Software Solution
Opinion Business Software Est,Riyadh,Computer Software Solution
Oracl Systems Ltd Co. For Computer Software,Riyadh,Computer Software Solution
Oracle Systems Co. Ltd,Riyadh,Computer Software Solution
Orbit Technology,,Computer Software Solution
Orbit Technology For IT And Telecome,Riyadh,Computer Software Solution
Osos Technologies,,Computer Software Solution
Overall Commercial Solutions Lebanese Est,Riyadh,Computer Software Solution
PC Specs Est. For Software AP,Riyadh,Computer Software Solution
P. GROUP,Riyadh,Computer Software Solution
Pioneers Programming,Riyadh,Computer Software Solution
Pixelsoft,,Computer Software Solution
Professionals Network For IT,Riyadh,Computer Software Solution
Program For Computers & Software,Riyadh,Computer Software Solution
Quality Computer,Jeddah,Computer Software Solution
Quality Horizons Co,,Computer Software Solution
Qutof Al Taqnia,Jeddah,Computer Software Solution
Rabi Abdulwahab Computer Systems,Jeddah,Computer Software Solution
RAEM Group,Al Khobar,Computer Software Solution
RAMADEE MODERN COMPUTER & ELECTRONICS SYSTEM,Al Khobar,Computer Software Solution
Range Trading Est,,Computer Software Solution
Raya Saudi Ltd,,Computer Software Solution
R.B.S. Total Business Solutions,Jeddah,Computer Software Solution
Rfid Saudi Est,Jeddah,Computer Software Solution
Roiya For Computer,Riyadh,Computer Software Solution
Royal Caribbean International,Riyadh,Computer Software Solution
Sadeem Computer Development Co.,Riyadh,Computer Software Solution
Sadeem Computer Development Co,Riyadh,Computer Software Solution
Sahl Computer,Dammam,Computer Software Solution
Sahary Information Development,Jeddah,Computer Software Solution
Salam Tech Est. For Technology,,Computer Software Solution
Samir Mohd Al Omair Trading Est.,Riyadh,Computer Software Solution
Samtia Arabian Co,Riyadh,Computer Software Solution
Sands Electronic Services,Jeddah,Computer Software Solution
S A P Arabia,Jeddah,Computer Software Solution
Saqr Al Enmaa For Web & IT Services,Riyadh,Computer Software Solution
Saudi Computer's Data Co,Dammam,Computer Software Solution
Saudi Arabian Azeeb Intergraph Co.,Riyadh,Computer Software Solution
Saudi Amtex Co.,Riyadh,Computer Software Solution
Saudi Computer Systems Co. Ltd,Jeddah,Computer Software Solution
Saudi Computer Doctor Co. Ltd,Riyadh,Computer Software Solution
Saudi Telecommunications & Software Service Est,Jeddah,Computer Software Solution
Saudi Alfa Computer Software Co.,Jeddah,Computer Software Solution
Saudi Technology Solutions Est,Jeddah,Computer Software Solution
Saudi Technology Group,Riyadh,Computer Software Solution
Saudi Electronic Computers Co,Jeddah,Computer Software Solution
SAUDI LOGIC,Jeddah,Computer Software Solution
SAUDI SYSSOFT,Jeddah,Computer Software Solution
Saudi Electronics & Trading Co (SETRA),Riyadh,Computer Software Solution
Saudi Software & Networking Co,Riyadh,Computer Software Solution
Saudi Trading & Research Co Ltd (STARC),Al Khobar,Computer Software Solution
Saudico Electronic Systems,Riyadh,Computer Software Solution
Saudi Alfa Computer Software Co,Jeddah,Computer Software Solution
Saudi Anocat Co,Riyadh,Computer Software Solution
Saudi Arabian Azeeb Intergraph Co,Riyadh,Computer Software Solution
Saudi Azeeb Inter-Graph Co,Riyadh,Computer Software Solution
Science Applications Intl Corpn (Saic),Riyadh,Computer Software Solution
Screen Tec Est. For Information Technology,Riyadh,Computer Software Solution
Seema,Riyadh,Computer Software Solution
Seher Al Bayan For Trading,Riyadh,Computer Software Solution
Shadi Data Systems Est,Jeddah,Computer Software Solution
Shadi Systems,Jeddah,Computer Software Solution
SHAIRCO & ALMALKI,Jeddah,Computer Software Solution
Slnee information Technology Co,Riyadh,Computer Software Solution
Smart Electronics,,Computer Software Solution
Software Elite Est,Al Jubail,Computer Software Solution
Solutions Package Co,Jeddah,Computer Software Solution
Solutions Company Ltd,Riyadh,Computer Software Solution
Soultoin Spot Computer Co,Riyadh,Computer Software Solution
Specialiests Computer Systems Co.,Riyadh,Computer Software Solution
Special Techology System Center Co.,Riyadh,Computer Software Solution
Specialized Multimedia Arabian Co,Riyadh,Computer Software Solution
Sultan Naser Al Yaiesh Office,Riyadh,Computer Software Solution
Sultan Bin Abdul Aziz Medical Communication Programs,Riyadh,Computer Software Solution
Summit Technologies Co Ltd,Dammam,Computer Software Solution
Sun Net Trading Co.,Riyadh,Computer Software Solution
Sun Net Trading Co,Riyadh,Computer Software Solution
Super Tech For Modern Technology,,Computer Software Solution
Systems Basis Computer Est.,Riyadh,Computer Software Solution
SYSSOFT,Jeddah,Computer Software Solution
Systems & Technologies Co,Dammam,Computer Software Solution
Systems Construction Trading Est,Riyadh,Computer Software Solution
Tahaluf Najd Group,Riyadh,Computer Software Solution
Tanouma Trading Est,Jeddah,Computer Software Solution
Tech. Ideas Trading Est.,Riyadh,Computer Software Solution
Technology Proposal,Abha,Computer Software Solution
46 Tech Co,Riyadh,Computer Software Solution
Technical Designer For Information Technology,Riyadh,Computer Software Solution
Technology Capabilities Trading Est,Riyadh,Computer Software Solution
Technology Circles Co,Riyadh,Computer Software Solution
Thamarat,,Computer Software Solution
ThelatheiahAl Jazeerah Est.,Riyadh,Computer Software Solution
The Savola Group,Jeddah,Computer Software Solution
TholathiyatAl Jazeerah Co.,Riyadh,Computer Software Solution
Thulathiat Al Jazeerah Est,Riyadh,Computer Software Solution
Tomorrow's Technology Est,Riyadh,Computer Software Solution
Top Experts Co. For Computer Systems Installation,Riyadh,Computer Software Solution
Trans Continens Est,Jeddah,Computer Software Solution
Transcontinental Computers,Jeddah,Computer Software Solution
Tracking Systems For Information Technolgy,Riyadh,Computer Software Solution
Trans Horizons Trading Est,,Computer Software Solution
United Softwares Center,Riyadh,Computer Software Solution
United Business System Co Ltd,Al Khobar,Computer Software Solution
UNIX CONSULTING GROUP,Riyadh,Computer Software Solution
Valu Plus,Jeddah,Computer Software Solution
Visual Soft Center For Programs Producing,Dammam,Computer Software Solution
VISVAL,Jeddah,Computer Software Solution
Wave Trading Est.,Riyadh,Computer Software Solution
Wesa Technology Co,Riyadh,Computer Software Solution
YAQOT SYSTEMS,Jeddah,Computer Software Solution
ycl,Riyadh,Computer Software Solution
Yousif Al Fadagh Trading Est.,Riyadh,Computer Software Solution
Yousif Abdullah Al Jaffali Trading Est.,Riyadh,Computer Software Solution
Zadcom Com.,Dammam,Computer Software Solution
Zad IT Group,Riyadh,Computer Software Solution
Zaid Salem Al Swainea Contracting Est.,Riyadh,Computer Software Solution
Zanabig Business Solutions,Riyadh,Computer Software Solution
Zoofi Technology Co.,Riyadh,Computer Software Solution
Zoofi,Riyadh,Computer Software Solution
Zoofi Technology Co,Riyadh,Computer Software Solution
Advanced Information Co. (DENTECH),Riyadh,Computer Software Solution
Al Moammar Information Systems Co,Riyadh,Computer Software Solution
ELECTRICAL & ELECTRONIC CONTRACTING CO LTD ( EECC ),Jeddah,Computer Software Solution
International Systems,Riyadh,Computer Software Solution
Kinonah IT Consulting Co,Riyadh,Computer Software Solution
Microtec,Jeddah,Computer Software Solution
National Systems Co. For Computers,Riyadh,Computer Software Solution
Optimal Technology Solutions,Riyadh,Computer Software Solution
S.G.C.S,Jeddah,Computer Software Solution
Startech Information Technology Est,,Computer Software Solution
Aaly Technological Group,Riyadh,Computer Software Solution
Abal Trading Est.,Riyadh,Computer Software Solution
ABA Systems,Jeddah,Computer Software Solution
Abdul Latif Ahamed Al Kharsah Data Est.,Riyadh,Computer Software Solution
Abdul Latif Al Kharsah Data Est,Riyadh,Computer Software Solution
Abu Ras For Software & Networks,,Computer Software Solution
Adhwaa Al Muna Trading Est.,Riyadh,Computer Software Solution
Advanced Computer Systems Est,Riyadh,Computer Software Solution
Ahmed Mohd. Bamarouf Est.,Riyadh,Computer Software Solution
Al Audi Blacksmith Workshop,Riyadh,Computer Software Solution
Al Ahd Al Hadeeth Technology Est,Jeddah,Computer Software Solution
Al Alamyah Communication Co.,Riyadh,Computer Software Solution
Al Ankupotiya,Jeddah,Computer Software Solution
Alam Raheeb Trading Est,Riyadh,Computer Software Solution
"Al Barraq For Computer, Copying Machines & Security Systems",Jeddah,Computer Software Solution
AL COMPUTERA,Riyadh,Computer Software Solution
Al Diar Al Aamerah For Computer,Riyadh,Computer Software Solution
Al Elem Information Scurity Co,Riyadh,Computer Software Solution
Al Faris Telecom & IT Est,Riyadh,Computer Software Solution
Al Ghab Trading Est,Jeddah,Computer Software Solution
Al Hesn Commercial Complex,Dammam,Computer Software Solution
Al Howais Trading Est.,Riyadh,Computer Software Solution
Al Jazeerah Technology Co. Ltd,Riyadh,Computer Software Solution
Al Jraisi Co.,Riyadh,Computer Software Solution
Al Jraisi Co,Riyadh,Computer Software Solution
Al Morshed Trading & Computer Est.,Riyadh,Computer Software Solution
Al Makamen Trading Est.,Riyadh,Computer Software Solution
Al Muhasim For Comp. And Office Fittings,Jeddah,Computer Software Solution
Al Murouj Computer Est,Jeddah,Computer Software Solution
AL MOHASEB,Riyadh,Computer Software Solution
Al Madar Technology,,Computer Software Solution
Al Mantiqa Computers Est,Dammam,Computer Software Solution
Al Muhasim For Computer & Office Fittings,Jeddah,Computer Software Solution
ALORF FOR INFORMATION SYSTEMS COMPUTER,Riyadh,Computer Software Solution
ALOSTAZ AL MOHASSEB AL COMPUTER,Jeddah,Computer Software Solution
Alpha Saudi,Jeddah,Computer Software Solution
AL RUMAIH MOHAMMED MANSOUR ESTABLISHMENT FOR TRADING,Jeddah,Computer Software Solution
Al Saqqa Saudi Computer Co.,Riyadh,Computer Software Solution
Al Saeed For Marble & Stone Factory,Riyadh,Computer Software Solution
AL SAMAHY A O ESTABLISHMENT,Jeddah,Computer Software Solution
Al Saqqa Saudi Computer Co,Riyadh,Computer Software Solution
Al Yamama Information Tech. Co.,Riyadh,Computer Software Solution
Al Zilaiee Computer Center,Riyadh,Computer Software Solution
Al Zarzar Trading Est.,Riyadh,Computer Software Solution
Al Zailaei Computer Center,Riyadh,Computer Software Solution
Amwag Technology,Riyadh,Computer Software Solution
Anas A. Zaid Trading Est,Riyadh,Computer Software Solution
Anas Abdullah Zaid Trading Est,Riyadh,Computer Software Solution
Aqlania Technology Co. Ltd,Riyadh,Computer Software Solution
Arabian Sea Data Systems Co.,Riyadh,Computer Software Solution
Ara Soft Computer,Jeddah,Computer Software Solution
Arasoft,Riyadh,Computer Software Solution
Arabian Knowledge Est,Riyadh,Computer Software Solution
Arabian Science & Technology Est,,Computer Software Solution
Arabian Sea Data Systems Co,Riyadh,Computer Software Solution
Arasoft - All Arab Softwares Under One Roof,,Computer Software Solution
Assist Saudi Arabia Ltd,Riyadh,Computer Software Solution
Bader Mohd. Bahles Trading Est.,Riyadh,Computer Software Solution
Bahamdin Computer Co,Jeddah,Computer Software Solution
Baldat Commercial Services Est.,Riyadh,Computer Software Solution
Bassam For Tech. & Computer,Tabuk,Computer Software Solution
BIN KABOUS INFORMATION TECHNOLOGY,Jeddah,Computer Software Solution
Brooq Telecom Est,Riyadh,Computer Software Solution
Cell-Tech Commercial Services Est.,Riyadh,Computer Software Solution
Cnfedinc To Deal,Khamis Mushait,Computer Software Solution
Computer Galxey,Dammam,Computer Software Solution
Computer Store Trading Co.,Jeddah,Computer Software Solution
Computed Data Base Est.,Riyadh,Computer Software Solution
Computer Solutions,Jeddah,Computer Software Solution
Computer Home,Jeddah,Computer Software Solution
Comperhensive Solutions Co. Ltd,Riyadh,Computer Software Solution
Computer Data Base Est,Riyadh,Computer Software Solution
Computer Galaxy,,Computer Software Solution
Computers Software Trading Co. Ltd,Jeddah,Computer Software Solution
Consolidated Solutions Est.,Riyadh,Computer Software Solution
Dar Al Mnafe For Computer,Riyadh,Computer Software Solution
Data Traingle Est,Jeddah,Computer Software Solution
Data Technology Est.,Riyadh,Computer Software Solution
Data Triangle,Jeddah,Computer Software Solution
Derbi Technology,Jeddah,Computer Software Solution
Desert Maps Est,Riyadh,Computer Software Solution
Dewan Computer Services Center,Jeddah,Computer Software Solution
Digital Future Est For Computer Games,Jeddah,Computer Software Solution
Directory Information System Co.,Riyadh,Computer Software Solution
Directory Information System Co,Riyadh,Computer Software Solution
DJ Computer & Communications Systems,Riyadh,Computer Software Solution
Ebtesam Computer Tech & Communications ETCC,Jeddah,Computer Software Solution
Educational Software Computer Est.,Riyadh,Computer Software Solution
Egyptian Saudi Software Co.,Riyadh,Computer Software Solution
EkadPrograms Computer Center,Buraydah,Computer Software Solution
Ekad Software Computer Center,,Computer Software Solution
Elite Data Base Development Co.,Riyadh,Computer Software Solution
Elite Data Base Development Co,Riyadh,Computer Software Solution
ETS Establishment,Riyadh,Computer Software Solution
Explorer Computer Systems Est,Jeddah,Computer Software Solution
FAALYA ESTABLISHMENT FOR COMPUTER TECHNOLOGY SOFTWARE,Riyadh,Computer Software Solution
Facts House Est.,Riyadh,Computer Software Solution
Faw Technology Est,Riyadh,Computer Software Solution
First For Games,Riyadh,Computer Software Solution
Future Glints For Computer Engineering,Dammam,Computer Software Solution
Gardinia Technology Showroom,Jeddah,Computer Software Solution
Gardinia Manufacturing,Jeddah,Computer Software Solution
3 GCO,Jeddah,Computer Software Solution
Gig A Soft Information Technology,Dammam,Computer Software Solution
Globe Soft Computer Systems,Jeddah,Computer Software Solution
Global Systems Est,Riyadh,Computer Software Solution
Golden Matrix,Jeddah,Computer Software Solution
Green Gate For Teaching Arabic Lanquage,Jeddah,Computer Software Solution
Gulf Skimer Computer Tech. & Communications Est,Ha'il,Computer Software Solution
Gym Master For Computer,Riyadh,Computer Software Solution
Habib For Softwares,Jeddah,Computer Software Solution
Hani M. Al Ruhaili Trading Est,,Computer Software Solution
Hasubiyat Data Service Center,Jeddah,Computer Software Solution
Heritage Center Software Co,Riyadh,Computer Software Solution
Hesham Akram Khojah Trading Est,Riyadh,Computer Software Solution
Hi Tech Center,Dammam,Computer Software Solution
H M R Systems,Jeddah,Computer Software Solution
Horizon Computer Center,,Computer Software Solution
Husham Akram Khojah Trading Est.,Riyadh,Computer Software Solution
Idea Core For Tech,Riyadh,Computer Software Solution
Ideal Computer Systems Co,Riyadh,Computer Software Solution
Industrial Solution Est For Tech & Information,Jeddah,Computer Software Solution
Information Technology Dev House Co,Jeddah,Computer Software Solution
Information Basis Trading Est,Riyadh,Computer Software Solution
Information Managment Technologies Co. Ltd,Riyadh,Computer Software Solution
International Software Co.,Riyadh,Computer Software Solution
Internatoinal Software Co.,Riyadh,Computer Software Solution
Inter Computer Center,Riyadh,Computer Software Solution
INTERNATIONAL SYSTEMS FOR COMPUTER SERVICES,Riyadh,Computer Software Solution
Int'l. Center For Computer Systems & Communication,Riyadh,Computer Software Solution
International Software Co,Riyadh,Computer Software Solution
International Software Company,,Computer Software Solution
Jamal Al Jasem Pc Net Est,Hofuf,Computer Software Solution
Kaih Trading Est. (Br.),Riyadh,Computer Software Solution
Khaled Al Medaihem Computer Software Showroom,Riyadh,Computer Software Solution
Khaled Saad Al Daood Trading Est,Jeddah,Computer Software Solution
KSB Computer Services,Jeddah,Computer Software Solution
LBCSoftware Est.,Riyadh,Computer Software Solution
LBC Software Est,Riyadh,Computer Software Solution
Madar Altkdm,Riyadh,Computer Software Solution
Magdi Computer Systems,Jeddah,Computer Software Solution
Masar Est. For Computer & Electronics,,Computer Software Solution
Mathani Computers,Tabuk,Computer Software Solution
Mazen Al Hakim Trading Est,,Computer Software Solution
Medical Computer Applications Est.,Riyadh,Computer Software Solution
Medak Arab Information Technology & Systems Analysis,Riyadh,Computer Software Solution
Micro Tech. Est. For Data Technology,Riyadh,Computer Software Solution
Microsoft Arabian Co.,Jeddah,Computer Software Solution
Middle East Orbtt Est,Jeddah,Computer Software Solution
Middle East Orbit Est,Jeddah,Computer Software Solution
Mneef Amer Al Nahdi Comouter Est.,Jeddah,Computer Software Solution
Mneef Amer Al Nahdi Computer Est,Jeddah,Computer Software Solution
Modern Electronics Center,,Computer Software Solution
Modern Data System Est.,Riyadh,Computer Software Solution
Modern Computer & Software Est.,,Computer Software Solution
Modern Age Technology Co.,Riyadh,Computer Software Solution
Modern Computer Systems Trading Est.,Riyadh,Computer Software Solution
Modern Information & Systems Est,Al Khobar,Computer Software Solution
Modern Software Est. For Computer,Riyadh,Computer Software Solution
Modern Technology,Tabuk,Computer Software Solution
Mohammed Ali Al Mkamen Trading Est,Jeddah,Computer Software Solution
Mohtaref Technology Store,Jeddah,Computer Software Solution
Mohd Othman Est,Jeddah,Computer Software Solution
My Computer For IT,,Computer Software Solution
Nabeel Haider Al Harthani Est.,Jeddah,Computer Software Solution
Nafidath Al Taqniah Computer Service Est,Riyadh,Computer Software Solution
Nahil Computers,Dammam,Computer Software Solution
Najeyah Abdul Latif Jamil Co.,Riyadh,Computer Software Solution
National Computer Systems Co.,Riyadh,Computer Software Solution
Netwoeks Traks Co,Riyadh,Computer Software Solution
Next Generation For Information Technology NGIT,Riyadh,Computer Software Solution
One Smart Solution STME,Riyadh,Computer Software Solution
Pioneers House Office Computer Software,Riyadh,Computer Software Solution
Planners Commercial Services Co,,Computer Software Solution
Qimmat Al Haram Est. for IT,Riyadh,Computer Software Solution
Queen Infotech,Jeddah,Computer Software Solution
Rami Dabour For PC Computers,,Computer Software Solution
Rania Trading Est.,Riyadh,Computer Software Solution
Range Trading Est.,Riyadh,Computer Software Solution
Range Computer Software Est,Riyadh,Computer Software Solution
Rawayea Al Khobara Co. For Computer Trading,Tabuk,Computer Software Solution
Rayah Technology Co. Ltd,Riyadh,Computer Software Solution
Remas Computer Center,,Computer Software Solution
SADAD,Riyadh,Computer Software Solution
Samaris For Information Technology,Jeddah,Computer Software Solution
Samer AlOmair Trading Est,Riyadh,Computer Software Solution
Saudi Data Technology Co. Ltd,Riyadh,Computer Software Solution
Saudi Marets Est,Jeddah,Computer Software Solution
SAUDI ANOCAT CO.,Riyadh,Computer Software Solution
Saudi Code for Information Tech,Al-Hasa,Computer Software Solution
SDS Advanced E-Business Solutions,Jeddah,Computer Software Solution
Semanitic Co.,Riyadh,Computer Software Solution
Seyaq Scientific Services Co. Ltd,Riyadh,Computer Software Solution
Shamsan Est,Jeddah,Computer Software Solution
Sitech,Riyadh,Computer Software Solution
Smart Info,Jeddah,Computer Software Solution
SofDigital Systems,Riyadh,Computer Software Solution
Solution Garden Conmputer Services Est,Jeddah,Computer Software Solution
Somak Information Tchnology,Dammam,Computer Software Solution
Somak Information Technology,,Computer Software Solution
Sources Net Est.,Riyadh,Computer Software Solution
Spatials For computer & Communications,Abha,Computer Software Solution
Specialized Solution Est.,Riyadh,Computer Software Solution
Stratigic Computer Network,Dammam,Computer Software Solution
Sunrise and sunset,Riyadh,Computer Software Solution
Support House Computer Co,Riyadh,Computer Software Solution
Systems Basis Trading Est.,Riyadh,Computer Software Solution
Taif Al Aghar Computer Games,Riyadh,Computer Software Solution
TECH. HEIGHT GROUP,Riyadh,Computer Software Solution
Techni Poles,Jeddah,Computer Software Solution
Technology Waves Co,Riyadh,Computer Software Solution
Telecomunications & Systems Co Ltd,Dammam,Computer Software Solution
Telecommunication & Systems Co. Ltd,,Computer Software Solution
The New Element,,Computer Software Solution
Universal Computer,Jeddah,Computer Software Solution
Wadhayef Trading Est.,Dammam,Computer Software Solution
Wareef United Trading Co.,Riyadh,Computer Software Solution
Wareef United Co,Riyadh,Computer Software Solution
Zero One Systems Company,Riyadh,Computer Software Solution
Zero Datasoft Al Bassam,Dhahran,Computer Software Solution
Alrida Information Systems & Computer Co,,Computer Software Solution
atlasconseil,Jeddah,Computer Software Solution
e-medlinks,Al Khobar,Computer Software Solution
Fast ​​Links Co,Riyadh,Computer Software Solution
G.C.E,Jeddah,Computer Software Solution
ICON- INTERCONTINENTAL CONSULTANTS,Riyadh,Computer Software Solution
Tamimi networks,Riyadh,Computer Software Solution
Creative Solutions Co Ltd,Riyadh,Information Technology
e-Procure,Riyadh,Information Technology
Bin Hindi Infotech Co.,Al Khobar,Information Technology
Ocean SA Trading Establishment,Dammam,Information Technology
Vinsys IT Corporate Training Company,Riyadh,Information Technology
Edarat Group,Riyadh,Information Technology
ERP Software,Riyadh,Information Technology
CMMS and FMS and Asset Management System By Easy Ware Solutions,Riyadh,Information Technology
Systems Knowledge,Riyadh,Information Technology
Absolute Solutions,Riyadh,Information Technology
Juego Studios,Riyadh,Information Technology
Prime call,Jeddah,Information Technology
End To End Solutions,Jeddah,Information Technology
Multi Solutions Hub,Al Khobar,Information Technology
Sigmatech Business Consultancy,Jeddah,Information Technology
COMMERCIAL TECHNOLOGIES PLUS,Al Khobar,Information Technology
Royal Cyber,Riyadh,Information Technology
WatanIT (Complete IT Solutions),Riyadh,Information Technology
AFAQY IT,Riyadh,Information Technology
Code Light Solutions,Jeddah,Information Technology
Dtech Systems,Riyadh,Information Technology
EwaanTech,Jeddah,Information Technology
Advanced applications for information technology,Al Jubail,Information Technology
Attar Software Engineering,Jeddah,Information Technology
DIGITECH Arabia,Al Khobar,Information Technology
Prime House Technologies,Riyadh,Information Technology
TransnetiX Interactive Pty Ltd,,Information Technology
ABDUL RAHMAN HUSSAIN ATTAR TRADING. EST.,Jeddah,Information Technology
Burgeon Info Systems,Al Jubail,Information Technology
Hal Forever IT Systems,Jeddah,Information Technology
InfraTech,Riyadh,Information Technology
MIGCO Network Solutions,Riyadh,Information Technology
Pioneer Way,Riyadh,Information Technology
Saudi Bell,Riyadh,Information Technology
Particular IT Solutions,Jeddah,Information Technology
Retaj-tech,Jeddah,Information Technology
Virtual Technology Est.,Riyadh,Information Technology
Lines Integration Business,Jeddah,Information Technology
NATCOM,Jeddah,Information Technology
COMPUTER SUPPORT HOUSE,Jeddah,Information Technology
DriveHR,Riyadh,Information Technology
Quality of Connectivity,Jeddah,Information Technology
Automax Total Operations Management Solutions,Riyadh,Information Technology
CompuSOFT,Dammam,Information Technology
SolutionDots Systems,Riyadh,Information Technology
Cyfuture,Riyadh,Information Technology
Gulf Ideal Applications,Dammam,Information Technology
Host-it.ie,,Information Technology
Saleteams,Dammam,Information Technology
StarhouseEst,Riyadh,Information Technology
Adcom,Al Khobar,Information Technology
Automation Base,,Information Technology
Creative Resource Provider,Jeddah,Information Technology
E BOOKS SOFTWARE SOLUTIONS,Riyadh,Information Technology
Getcp500,,Information Technology
LOGICA UK LTD ( SAUDI ARABIAN OPERATIONS ),Riyadh,Information Technology
NOVA STARS INFORMATION SERVICES,Al Khobar,Information Technology
Raneeen Technology - Web Development Company,Riyadh,Information Technology
TechGropse Pvt. Ltd.,Afif,Information Technology
TForce,Dammam,Information Technology
Talabat for restaurnats,Riyadh,Information Technology
GETRONICS,Riyadh,Information Technology
Kafu Games,Riyadh,Information Technology
Systems Corner for Information Technology,Jeddah,Information Technology
ALGOSAIBI INFORMATION SYSTEMS ( AGIS ),Dammam,Information Technology
ALL-ARABS.COM,,Information Technology
EZ Ware Technologies,,Information Technology
INTERNEC SAUDI ARABIA,Riyadh,Information Technology
MENA ESOLUTIONS,Riyadh,Information Technology
N-net Technology Co Ltd,,Information Technology
RAM WORLD,Riyadh,Information Technology
SAUDI LOGISTICS & ELECTRONICS CO ( SALEC ),Jeddah,Information Technology
WEBASITE.COM,Dhahran,Information Technology
123ARAB.COM,Dammam,Information Technology
Business Solutins & Applications,Jeddah,Information Technology
GLOBAL ECONSULTING SERVICES,Riyadh,Information Technology
WEB SAT ARABIA,Riyadh,Information Technology
AWALNET,Riyadh,Information Technology
Erpisto ERP & CRM,Riyadh,Information Technology
SEMAC HOSTING,Riyadh,Information Technology
Al Fanar IT,Riyadh,Information Technology
AL TUWAIRQI GROUP - INFORMATION TECHNOLOGY DEPARTMENT ( ITD ),Dammam,Information Technology
EDUTECH MIDDLE EAST,Riyadh,Information Technology
GULF SAFETY EQUIPS TRADING LLC,,Information Technology
HORIZON FOR COMMERCIAL DEVELOPMENT CO LTD,Jeddah,Information Technology
ISECURE,Jeddah,Information Technology
MODERN COMPUTERS & COMMUNICATION CO LTD ( MCC ),Jeddah,Information Technology
SAFAR AL OTAIBI GROUP,Dammam,Information Technology
Technology Solution Pakistan,,Information Technology
Ti Steel Private Ltd.,,Information Technology
INFOSYS GLOBAL,Al Khobar,Information Technology
APPIN TECHNOLOGY LAB,,Information Technology
Global Information Technology,Dammam,Information Technology
NETEXPOSA,Riyadh,Information Technology
Al Daghfaq Trading Est,Dammam,Information Technology
Educational Consulting & Guidanc Services,Al Khobar,Information Technology
A ABUNAYYAN TRADING CORPORATION,Riyadh,Information Technology
Academic Center For Training & Consultation,,Information Technology
ADVANCED MICROFILM SYSTEM,Jeddah,Information Technology
Adwat Information Tech,Riyadh,Information Technology
Aftab Hashim Othman Est.,Jeddah,Information Technology
Aims Aviation Serives Co. Ltd,Jeddah,Information Technology
Al Andalos Technology & Training Institute,Jeddah,Information Technology
Al Bashawri Est. For Information Technology & Integrated Solutions,Riyadh,Information Technology
Al Enjaz Development Services Co.,Riyadh,Information Technology
Al Hassan Institutes & Centers,Dammam,Information Technology
Al Hussan Model National Institute,Dammam,Information Technology
Al Hisn Al Waqi Co,Riyadh,Information Technology
Al Jumah City Center,Dammam,Information Technology
Aljhaat Measuring instruments and SurveyCo,Jeddah,Information Technology
Al Kaff For Computer,Riyadh,Information Technology
Al Kaabi For Testing Equipment,,Information Technology
Al Khaleej Training & Teaching Co,Al Bahah,Information Technology
Al Moammer Data Systems,Riyadh,Information Technology
Al Maaref Technology Trading Est.,Riyadh,Information Technology
Al Mutel Group,Riyadh,Information Technology
Al Raqi Corner Institute,Riyadh,Information Technology
Al Sebaei Health Training Institute,,Information Technology
Al Tamimi Training Institute,,Information Technology
Alzouman English Institute,Jeddah,Information Technology
Amal Al Kiram Int'l. Group,Riyadh,Information Technology
APPLIANCES EST FOR ELECTRONICS,Riyadh,Information Technology
Applied Computer Services Co,Riyadh,Information Technology
Arabian Projects Est,,Information Technology
Athar Al Majd Holding Co. Ltd,,Information Technology
Bin Khamis Group,Riyadh,Information Technology
Business Management Co. Ltd,Riyadh,Information Technology
Comlines Est. Networks & Telecome Solutions,Riyadh,Information Technology
Consulting Engineer Zaki M. Farsi Office,Riyadh,Information Technology
Crucial Solutions Trading Est,,Information Technology
DANWAY - PAMAS EST,Riyadh,Information Technology
3D Co,Dammam,Information Technology
Devo Team Middle East Co,Riyadh,Information Technology
DINERS CLUB SAUDI ARABIA,Jeddah,Information Technology
Direct Programs For Educational Services Around The World,Riyadh,Information Technology
Ducont (Subsidiary of Zylog Systems Ltd),Al Khobar,Information Technology
Ecco Out Sourcing,Jeddah,Information Technology
Egyptian Perfect Solution Co,Riyadh,Information Technology
EIRAD TRADING & CONTRACTING UPS-SAUDI ARABIA,Riyadh,Information Technology
Electronic Solutions House,Riyadh,Information Technology
ENGINEERING EQUIPMENT EST ( EE ),Al Khobar,Information Technology
FAIZ ALY RAJAB TRADING EST,Jeddah,Information Technology
Fiber Technology Co,Riyadh,Information Technology
Finger Touch Est. For Tech. Solutions,Riyadh,Information Technology
FLEET TRACKING TECHNOLOGIES,Al Khobar,Information Technology
FRIEND,Riyadh,Information Technology
Future Ladies Language Insititute,,Information Technology
Future Waves,Jeddah,Information Technology
Ghremil Trdg Serv,Riyadh,Information Technology
Golden Travels For Academic Services Worldwide,Riyadh,Information Technology
Gulf Orbit Institute for Training & Education,Dammam,Information Technology
HADI H AL HAMMAM EST,Al Khobar,Information Technology
Hanadesah Technology Co. Ltd,Riyadh,Information Technology
House Of Invention Int'l. Est. For Trading,,Information Technology
House Of Invention Int'l. Est. For Trading,,Information Technology
House Of Invention Int'l. Est. For Trading,,Information Technology
Ideal Network Solutions -INS,Riyadh,Information Technology
Industrial Systems Est.,Riyadh,Information Technology
Industrial Solutions For Trading,,Information Technology
Information Systems & Practices Co.,Jeddah,Information Technology
3 Infotech Saudi Arabia Ltd,Riyadh,Information Technology
INTEGRATED TECHNOLOGY SOLUTIONS CO,Riyadh,Information Technology
Intercom Telecom,Riyadh,Information Technology
Knowledge Network,Riyadh,Information Technology
LIGHT CIRCLE TRADING EST,Riyadh,Information Technology
LSE Int'l. Institute,Riyadh,Information Technology
M. B. M. Millennium Institute,,Information Technology
Menna For Technical,Riyadh,Information Technology
Midwan Systems Co,Riyadh,Information Technology
MODERN TELECOMMUNICATION EQUIPMENTS CENTER CO LTD,Riyadh,Information Technology
Mohammed Al Omer & Partners Co,Riyadh,Information Technology
Mohammed A. Hashem Mjahed Trading Est,Jeddah,Information Technology
National Air Services Co.,Jeddah,Information Technology
National Co. For Data & Integrated Solutions,Riyadh,Information Technology
National Co. For Data & Solutions Service,Riyadh,Information Technology
New Way Integrated IT Solutions,Riyadh,Information Technology
Obiyakan Research & Development Co,Riyadh,Information Technology
Original Solutions Co.,,Information Technology
Petrostar Aviation Co,Jeddah,Information Technology
PHAROUN & ALMOHAIMAID CO,Riyadh,Information Technology
Pixelsoft,,Information Technology
Prince Ahmed Bin Salman Applied Media Institute,Riyadh,Information Technology
Proasset Arabia Co Ltd,Dammam,Information Technology
Qemat Al Saha Trading & Contracting Est.,,Information Technology
Rajal Bano Aqra'a Center,Riyadh,Information Technology
Rayah Tech Company Ltd,Riyadh,Information Technology
Riyadh House Co.,Dammam,Information Technology
Saisorecs Arabia Ltd,Riyadh,Information Technology
SALEH AL NAHDI SONS HOLDING CO. LTD.,Riyadh,Information Technology
Saudi Technology Est.,Jeddah,Information Technology
Saudi Office Co.,Hofuf,Information Technology
SAUDI SCALES & EQUIPMENT CO LTD,Al Khobar,Information Technology
Saudi Internatioal Trading & Marketing Ltd,Jeddah,Information Technology
Saudi Academy For Languages & Training,Riyadh,Information Technology
Saudi Institute For Jewellery Sciences & Management,Riyadh,Information Technology
Saudi Turki Information Co,Riyadh,Information Technology
Smart Technology Systems Ltd,Dammam,Information Technology
Systems Building Trading Est.,Riyadh,Information Technology
Tafe Arabia Technical & Further Education,,Information Technology
Technology Record Co,Jeddah,Information Technology
Techaccess,Riyadh,Information Technology
The Card Company E.C.,Jeddah,Information Technology
"The Amadeus, Saudi Arabia",Jeddah,Information Technology
Three Bells For Telecommunication,Riyadh,Information Technology
Tracking Systems For Information Technolgy,Riyadh,Information Technology
Ultimate Solutions,Jeddah,Information Technology
Waalan Al Wahlan Technology Est,Riyadh,Information Technology
Wall Street ( English Launguage Learning Institutes ),,Information Technology
Wamad IT Services Co. Ltd,Riyadh,Information Technology
white Mark Trading Est. (Ad Mark),Riyadh,Information Technology
Wide Space Co,Riyadh,Information Technology
Zultec Group,,Information Technology
Arab Sea Information Systems Co,Riyadh,Information Technology
Astar Middle East Co,Dammam,Information Technology
Business Office,Jeddah,Information Technology
English Language Learning Services Center,Riyadh,Information Technology
7i IT Solutions,Jeddah,Information Technology
NATIONAL TECHNOLOGY COMPANY LTD ( NTC ),Riyadh,Information Technology
Saudi Geographic IT Company,Jeddah,Information Technology
Ajlan Al Ajlan Design & Information Systems Est,Riyadh,Information Technology
Al Hijaz Markets,Jeddah,Information Technology
Al Hjailan Engineering Projects Co,,Information Technology
Al Hijjaz Secondary Comm Institute,Jeddah,Information Technology
AlMasarrah Softwares Corp,,Information Technology
Al Manarah Institutes For Education & Training,,Information Technology
Al Massad Computer Institute,Yanbu,Information Technology
Al Tayyar International Agency,Dammam,Information Technology
Amin Phones Ltd,Dammam,Information Technology
Ansam Languages Education & Training Co,Jeddah,Information Technology
Arabain Computer Center,Dammam,Information Technology
Arab Turner Projects Managing Co.,,Information Technology
Arab National Education & Training Co,Jeddah,Information Technology
Badr Commercial Secondary Institute,Riyadh,Information Technology
BUREAU VERITAS SAUDI ARABIA TESTING SERVICES,Jeddah,Information Technology
Cultural Center For Ledies,Jeddah,Information Technology
Dalow Somalian Avition co.,Jeddah,Information Technology
Egypt Airways Co.,Jeddah,Information Technology
E.M.C,Jeddah,Information Technology
ESSAM SHAHAB BASHEER TRADING EST.,Jeddah,Information Technology
H.G. ASHOK,Riyadh,Information Technology
Horizon Institute,,Information Technology
Improvement Staff Institute ( Azizia Ladies Br. ),Riyadh,Information Technology
International Health Science Academy,Jeddah,Information Technology
International Computer & Technology Institute,Taif,Information Technology
"Krings Int'l France , KIF",Dammam,Information Technology
Kuwati data Technokogy Co.,Riyadh,Information Technology
Madar Al Khaleej Institute At Dammam,Dammam,Information Technology
Middle East Aviation,Dammam,Information Technology
Modern Information Technology Mirror,Jeddah,Information Technology
Nas I T Est.,Riyadh,Information Technology
National Information SystemsCompany,Riyadh,Information Technology
National Aviation Services Co.,Dammam,Information Technology
National Center For Engineering Projects Developmen,,Information Technology
NAWAH TESTING & INSPECTION CO.,Riyadh,Information Technology
Nawah Testing & Inspection Co,Riyadh,Information Technology
Net of English,Riyadh,Information Technology
New Era Technology Consulatant Office,Riyadh,Information Technology
Projects Dev. & Execution Co Ltd,,Information Technology
RASSAM GH. AL OTAIBI EST,Riyadh,Information Technology
Riyadh Pen Institute,,Information Technology
ROHDE & SCHWARZ LIAISON OFFICE,Riyadh,Information Technology
Sara Business Solutions,Jeddah,Information Technology
Saudi Academy of Languages & Training - ladies Section,Riyadh,Information Technology
Saudi Academy of Languages & Training,Riyadh,Information Technology
Shire Information Tech.,Riyadh,Information Technology
Smart Vision,Jeddah,Information Technology
Speed Technologies,Jeddah,Information Technology
Tigari E. Commerce Co,Riyadh,Information Technology
Wasel Information Tech Converging Co,Riyadh,Information Technology
ZULTEC TECHNICAL SERVICES CO.,Dammam,Information Technology
GULF STAR SECURITY & SAFETY SYSTEMS CO.,Riyadh,Information Technology
ALMUSANED INTERNATIONAL COMPANY,Dammam,Software Applications
Creative Solutions Co Ltd,Riyadh,Software Applications
AlfaPeople ME,Riyadh,Software Applications
"Sage Middle East - Accounting, HR, CRM & ERP software in Saudi Arabia",Riyadh,Software Applications
Cipher Solutions,Riyadh,Software Applications
ERP Software Solution in Riyadh,Riyadh,Software Applications
Openway,Dammam,Software Applications
CMMS and FMS and Asset Management System By Easy Ware Solutions,Riyadh,Software Applications
Admak Business Solutions,Riyadh,Software Applications
Adwaa Al Shugaa,Riyadh,Software Applications
Focus Software Solutions Co Ltd,Jeddah,Software Applications
Inspire for Solutions Development,Riyadh,Software Applications
Knowledge Bases Est,Riyadh,Software Applications
VAT Software Riyadh - KEY SOFTWARE SOLUTION,Riyadh,Software Applications
SMSCountry Trading Est.,Dammam,Software Applications
Systems Knowledge,Riyadh,Software Applications
Absolute Solutions,Riyadh,Software Applications
Juego Studios,Riyadh,Software Applications
Saudi Tracking Solutions(STS),Riyadh,Software Applications
"Binary Integrated Technology Solutions, BITS",Riyadh,Software Applications
End To End Solutions,Jeddah,Software Applications
Sigmatech Business Consultancy,Jeddah,Software Applications
COMMERCIAL TECHNOLOGIES PLUS,Al Khobar,Software Applications
Fusion Informatics,Riyadh,Software Applications
Ibtikar Technologies,Jeddah,Software Applications
Leen Gulf,Riyadh,Software Applications
Taqnia Al-Multazim | TAM,Riyadh,Software Applications
Attar Software Engineering,Jeddah,Software Applications
CodeXina Technologies,Riyadh,Software Applications
CompuSOFT - Engineering Software,Jeddah,Software Applications
Industrial Projects Technologies Co (IPTech),Al Khobar,Software Applications
TransnetiX Interactive Pty Ltd,,Software Applications
ABDUL RAHMAN HUSSAIN ATTAR TRADING. EST.,Jeddah,Software Applications
HalaYalla Super App,Riyadh,Software Applications
InfraTech,Riyadh,Software Applications
CeoDeck,Riyadh,Software Applications
Datastone Solutions,Jeddah,Software Applications
Jed Technology,Jeddah,Software Applications
NATCOM,Jeddah,Software Applications
Polosys Technologies,Al Khobar,Software Applications
Tally Arabia,Jeddah,Software Applications
Wireless Marketer,Riyadh,Software Applications
Explore it solution,Khaybar,Software Applications
Quality Professionals,Riyadh,Software Applications
Tonsetech Business & IT Solutions,Khaybar,Software Applications
DriveHR,Riyadh,Software Applications
BAASAAD TECHNOLOGIES,Al Khobar,Software Applications
Cubes IT,Dammam,Software Applications
Golden Leadership IT Solutions,Dammam,Software Applications
Gulf Ideal Applications,Dammam,Software Applications
3i Infotech,Riyadh,Software Applications
NAVIBEES,Jeddah,Software Applications
Saleteams,Dammam,Software Applications
Digital Computer Systems Co. Ltd. ( DIGICOM ),Riyadh,Software Applications
DriveHR,Riyadh,Software Applications
Infoline Technologies Co. Ltd,Jeddah,Software Applications
Webs Utility Global LLP,Riyadh,Software Applications
AiN Technologies,Riyadh,Software Applications
CompuSoft,Dammam,Software Applications
Erpisto ERP & CRM Software in Saudi Arabia,Riyadh,Software Applications
Grape Unicom,Dammam,Software Applications
Quality Professionals,Riyadh,Software Applications
Simplesite,,Software Applications
Taskyinn,Jeddah,Software Applications
Compusoftme,Al-Hasa,Software Applications
Crayo Tech Business Solutions,Riyadh,Software Applications
Experts International Information Systems,Riyadh,Software Applications
iWesabe,Al Khobar,Software Applications
ORACLE SYSTEMS LTD (JEDDAH),Jeddah,Software Applications
Casengine App,Riyadh Al-Khabra,Software Applications
Fieldengineer,Jeddah,Software Applications
Light Star For Trading,Riyadh,Software Applications
Systems Corner for Information Technology,Jeddah,Software Applications
ALPHA HORIZONS TRADING EST.,Riyadh,Software Applications
ORBIT / 3I,Jeddah,Software Applications
PRIMARABIA,Riyadh,Software Applications
UNIVERSAL SYSTEMS,Riyadh,Software Applications
Comtech Solutions - VisionCore,Medina,Software Applications
ORACLE SYSTEMS LTD (KHOBAR),Dhahran,Software Applications
ORACLE SYSTEMS LTD (RIYADH),Riyadh,Software Applications
تقنية الملتزم | تم,Riyadh Al-Khabra,Software Applications
Erpisto ERP & CRM,Riyadh,Software Applications
ALPHA SAUDI SOFTWARE,Jeddah,Software Applications
COMPUTER & SOFTWARE COMMERCIAL CENTER,Dammam,Software Applications
SAUDI BUSINESS MACHINES LTD ( SBM ),Riyadh,Software Applications
SYBASE PRODUCTS MIDDLE EAST,Riyadh,Software Applications
Abdulla Fouad Holding Co,,Software Applications
Abdullah & Osamah Abolhasan Computer Co,Jeddah,Software Applications
Ablad Computer Est,Riyadh,Software Applications
Accounting Technology,,Software Applications
Adji Solutions Est,Riyadh,Software Applications
Adma Business Solutions,Jeddah,Software Applications
Advanced Computers & Systems,,Software Applications
Advanced Programs Trading Co,Riyadh,Software Applications
Advance Program Solutions Int'l Est,,Software Applications
Advanced Antecedent,Riyadh,Software Applications
Advanced Solutions ( Microtech ),Riyadh,Software Applications
Advanced Systems & Technologies Co,Dammam,Software Applications
Aftab Hashim Othman Est.,Jeddah,Software Applications
Ahmed Mohd Asadi Trading Co,,Software Applications
Ajal General Contracting Co,Jeddah,Software Applications
Ajial Al Asr For Computer Est,Jeddah,Software Applications
Al Alawi Stars for Information Systems - sinmar,Jeddah,Software Applications
Al Ajayal For Information Systems Co,Jeddah,Software Applications
Al Ameen Accounting System,Jeddah,Software Applications
Al Ajyal Information Technology Co. Ltd,Riyadh,Software Applications
Al Afari For Computer,Riyadh,Software Applications
Al Ajyal Information Technology Company,,Software Applications
Al Amazon Information Technolgy,Jeddah,Software Applications
Al Anani Group of Companies,Jeddah,Software Applications
Al Aqeel Cont. & Real Estate,,Software Applications
Al Emtiyaz Arabian Dev. Co. Ltd,Riyadh,Software Applications
Al Faisalia Holding Group Co. Ltd,Riyadh,Software Applications
Al falak,Jeddah,Software Applications
Al Jabri For Systems & Computers,Jeddah,Software Applications
Al Jol Information Technology Co. Ltd,,Software Applications
Al Jomaih & Petropau Arabia Ltd,Riyadh,Software Applications
Al Khazaen Technical Information,Jeddah,Software Applications
Al Kaff For Computer,Riyadh,Software Applications
Al Khars Trading Center,,Software Applications
Al Mansour Toys Center,,Software Applications
Al Ma'aref Technology Est,,Software Applications
Al Manara Computer System Co,Riyadh,Software Applications
Al Manbat Computer Est,Riyadh,Software Applications
Al Moneer PC & Networking Est,Riyadh,Software Applications
Al Muneer PC & Networking Est,Riyadh,Software Applications
Al Mutlaq United Company,Jeddah,Software Applications
Al Nafitha International Information Technology,Jeddah,Software Applications
Al Naqil Al Dhahabi For It & Systems,Riyadh,Software Applications
Al Nour Al Hadi For Information Technology,Riyadh,Software Applications
Al Nukhbah Computers System Solutions Co,Riyadh,Software Applications
Al Orf For Data Systems & Computer,Riyadh,Software Applications
Al Qamareyat Computer Est,,Software Applications
Al Rada Computer & Information Technology Co,Jeddah,Software Applications
Al Rajhi Soft,Riyadh,Software Applications
Al Rashedi Computers & Telecommunication,Jeddah,Software Applications
Al Reda for IT & Computers,Riyadh,Software Applications
Al Ruwad Tech Systems Co. Ltd,Jeddah,Software Applications
Al Safa Systems & Technology Co,Riyadh,Software Applications
Al Sawwab Information Technology,Yanbu,Software Applications
Al Tal for Accounting Systems,Riyadh,Software Applications
Al Taqadom Computer Est,Jeddah,Software Applications
Al Yusr Trading Est,,Software Applications
Al Zilaiae Computer Center,Abha,Software Applications
AMTECH,Jeddah,Software Applications
Anmar Technology Trading Co,Riyadh,Software Applications
Applied Solutions,Jeddah,Software Applications
Arabian System's Tech ( ARABTEC ),,Software Applications
Arab Software Computer Co. ( ASCON ),Jeddah,Software Applications
Ara Soft Store,Riyadh,Software Applications
Arab Center for Computer,,Software Applications
Arab Stars Est,Riyadh,Software Applications
Arabian Advanced Systems Co,Riyadh,Software Applications
As-Hal Systems For Complete Solutions,Jeddah,Software Applications
Aspentech Middle East Est,,Software Applications
Athriya Systems,Riyadh,Software Applications
Azkiyah Systems & Computers,Jeddah,Software Applications
Banaoun Co. For Computer Solutions,Riyadh,Software Applications
Bin Hasosah Computer Office Equipment Est,Khamis Mushait,Software Applications
Bin Hindi For Technology,Al Khobar,Software Applications
Binary Integrated Technology Solutions,Riyadh,Software Applications
Bronas Information Technology,,Software Applications
Buildtech,,Software Applications
Businees Men Pro ( 3GCO ),Abha,Software Applications
Business Systems Est. Al Kharashi Group,Riyadh,Software Applications
Business Systems Solutions,Riyadh,Software Applications
Canon Co. (Abdulghani El Ajou Group),Jeddah,Software Applications
Center Trading Est,Riyadh,Software Applications
Compusoft,,Software Applications
Commercial Solutions Est,Riyadh,Software Applications
Commission Computer Technology Co,Riyadh,Software Applications
Compu Mind Est,Riyadh,Software Applications
Compu Smart Information Technology,Jeddah,Software Applications
Computer Science Co,Riyadh,Software Applications
Computer Soft Co. Ltd,Riyadh,Software Applications
Computer Software Co. Ltd,,Software Applications
Conceptual Soft,Riyadh,Software Applications
Crucial Solutions Trading Est,,Software Applications
Dar Khateeb Software & Net Works Co,Tabuk,Software Applications
Data Technology Advanced Achievement Co,Jeddah,Software Applications
Dera Al Salam Co,Riyadh,Software Applications
Derby International Technology,Jeddah,Software Applications
Developers & Designers,Riyadh,Software Applications
Different Soln. Info. Technology Co. Ltd,Jeddah,Software Applications
Digital Planning,,Software Applications
Diyam Computer,Riyadh,Software Applications
Droob,,Software Applications
3D Systems Est,Riyadh,Software Applications
Eartech Information Technology,,Software Applications
Easy Way Solutions,Riyadh,Software Applications
Egyptian Saudi Co. For Information Technology,Riyadh,Software Applications
Ejada Co. For Solutions & Systems,Riyadh,Software Applications
Ejada Systems Co. Ltd,Riyadh,Software Applications
El Ajou,Jeddah,Software Applications
Embro Information Technology,Riyadh,Software Applications
Experts IT Co,,Software Applications
Fancy Technologies,Riyadh,Software Applications
Fifth Dimension Est For IT,Riyadh,Software Applications
Fine ProSoft,Jeddah,Software Applications
First Global Technology Co,Jeddah,Software Applications
First Memory Computer,Riyadh,Software Applications
First quality Est,Dammam,Software Applications
Focus Soft Ware Solutions Co. Ltd,,Software Applications
Fuji Atlas World Exchange Centering,Jeddah,Software Applications
Future Digital Systems,Jeddah,Software Applications
Future Gates for Software & Websites,Riyadh,Software Applications
Galaxy Co,Riyadh,Software Applications
Geographical Systems Est,Riyadh,Software Applications
Ghadeer Information Technology,Riyadh,Software Applications
3G Information Technology,Riyadh,Software Applications
Globe Sign Co,Jeddah,Software Applications
Globe Soft Co,Jeddah,Software Applications
GlobeSoft - Farsi Group,Jeddah,Software Applications
Gulf Co. for Commercial Services,Riyadh,Software Applications
Habib For Software,Jeddah,Software Applications
Harf Information Technology Co,Riyadh,Software Applications
Hassan Kondah Est. Skynet Information Technoloom,Riyadh,Software Applications
Holool Net,,Software Applications
Houston Technologies Limited,Riyadh,Software Applications
House of Development IT. Co,Jeddah,Software Applications
Ideal Execution Services Est,Riyadh,Software Applications
Innovative Business Solutions (IBS),Jeddah,Software Applications
Internet Solutions,Jeddah,Software Applications
Integrated Arabian Co. For Modern Applications,Jeddah,Software Applications
Integrated Investments,Riyadh,Software Applications
Integrated Systems Co,Al Khobar,Software Applications
Interactive Saudi Arabia Ltd,Riyadh,Software Applications
International Key Co. For Telecom & Computer,Riyadh,Software Applications
International Technology Joint Co,Riyadh,Software Applications
Iss Consuiting Integrated Software Solutions,Jeddah,Software Applications
I T M E Group,Al Khobar,Software Applications
IT Pillars For IT Services,Jeddah,Software Applications
Itqan International Information System,Dammam,Software Applications
IT Security & Solutions,,Software Applications
IT Sphere Co,Riyadh,Software Applications
IT Worx For Information Techology,Riyadh,Software Applications
Jaddah Biocity Limited Company,Jeddah,Software Applications
Jalaz Trading Est,Riyadh,Software Applications
Jawanb Al Tegnia For Trading (ste),Riyadh,Software Applications
Jeddah International Computer Institute,,Software Applications
"Jeddah Resources For Computer, Electronics & Multimedia",Jeddah,Software Applications
Kayan Trading Technology Est,Riyadh,Software Applications
Kenda Corner Trading Est,Riyadh,Software Applications
Khaldoun Comp. Services Est,Jeddah,Software Applications
Khalil I. Al Dosary Computer Systems Est. ( KCS ),,Software Applications
Khibrat Computer Solutions Center,Riyadh,Software Applications
Knowledge Technology For Advanced Education Co. Ltd,Riyadh,Software Applications
Ko Shak Information Technology & Designs,Jeddah,Software Applications
LCC Saudi Arabia,Riyadh,Software Applications
L3 Communications Intergrated System,Riyadh,Software Applications
Login Point Est. For Electronics,Riyadh,Software Applications
Lunar Trading Est,,Software Applications
Makamin Trading Est,Jeddah,Software Applications
Mantech Computers & Telecommunication Co. Ltd,Riyadh,Software Applications
Manal Soft For Accounting Programmes,,Software Applications
Management Data Systems Co,Riyadh,Software Applications
Management Techinology For Computer,Riyadh,Software Applications
Mejdaf Group,Jeddah,Software Applications
MICROART - Technology Resource Trading Est,Riyadh,Software Applications
Mneef Al Nahdi Co,Riyadh,Software Applications
Mohammed Amin Saad Est,Jeddah,Software Applications
Mr. Computer Trading Est,Riyadh,Software Applications
Multi Solutions Est,Riyadh,Software Applications
My Information Co,Riyadh,Software Applications
Nabra Technical Trading Co,Riyadh,Software Applications
Nahil Computers (Al Motokamel)ERP,Riyadh,Software Applications
Net Soft Co,Dammam,Software Applications
New Era Technology Co,Riyadh,Software Applications
New Way Integrated IT Solutions,Riyadh,Software Applications
New Soft Co,Riyadh,Software Applications
New Way Group,Riyadh,Software Applications
o. Branch Of Mohamed Yousf M. El Sayed & Co,Riyadh,Software Applications
Omer Q. Al Eisaei Telecom Co,Riyadh,Software Applications
Online Infocom Saudi Ltd,,Software Applications
Opinion Business Software Est,Riyadh,Software Applications
Orbit Technology,,Software Applications
Orbit Technology For IT And Telecome,Riyadh,Software Applications
Osos Technologies,,Software Applications
Overall Commercial Solutions Lebanese Est,Riyadh,Software Applications
P. GROUP,Riyadh,Software Applications
Pioneers Programming,Riyadh,Software Applications
Pixelsoft,,Software Applications
Professionals Network For IT,Riyadh,Software Applications
Program For Computers & Software,Riyadh,Software Applications
Quality Horizons Co,,Software Applications
Qutof Al Taqnia,Jeddah,Software Applications
Rabi Abdulwahab Computer Systems,Jeddah,Software Applications
RAEM Group,Al Khobar,Software Applications
Raya Saudi Ltd,,Software Applications
R.B.S. Total Business Solutions,Jeddah,Software Applications
Rfid Saudi Est,Jeddah,Software Applications
Roiya For Computer,Riyadh,Software Applications
Sadeem Computer Development Co,Riyadh,Software Applications
Salam Tech Est. For Technology,,Software Applications
Samtia Arabian Co,Riyadh,Software Applications
Sands Electronic Services,Jeddah,Software Applications
Saqr Al Enmaa For Web & IT Services,Riyadh,Software Applications
SAUDI LOGIC,Jeddah,Software Applications
Saudi Alfa Computer Software Co,Jeddah,Software Applications
Saudi Anocat Co,Riyadh,Software Applications
Saudi Arabian Azeeb Intergraph Co,Riyadh,Software Applications
Saudi Azeeb Inter-Graph Co,Riyadh,Software Applications
Screen Tec Est. For Information Technology,Riyadh,Software Applications
Seema,Riyadh,Software Applications
Seher Al Bayan For Trading,Riyadh,Software Applications
Slnee information Technology Co,Riyadh,Software Applications
Smart Electronics,,Software Applications
Solutions Company Ltd,Riyadh,Software Applications
Soultoin Spot Computer Co,Riyadh,Software Applications
Specialized Multimedia Arabian Co,Riyadh,Software Applications
Sultan Bin Abdul Aziz Medical Communication Programs,Riyadh,Software Applications
Sun Net Trading Co,Riyadh,Software Applications
Super Tech For Modern Technology,,Software Applications
Systems & Technologies Co,Dammam,Software Applications
Systems Construction Trading Est,Riyadh,Software Applications
Tahaluf Najd Group,Riyadh,Software Applications
Tanouma Trading Est,Jeddah,Software Applications
Technology Proposal,Abha,Software Applications
46 Tech Co,Riyadh,Software Applications
Technical Designer For Information Technology,Riyadh,Software Applications
Technology Capabilities Trading Est,Riyadh,Software Applications
Technology Circles Co,Riyadh,Software Applications
Thamarat,,Software Applications
Thulathiat Al Jazeerah Est,Riyadh,Software Applications
Tomorrow's Technology Est,Riyadh,Software Applications
Transcontinental Computers,Jeddah,Software Applications
Tracking Systems For Information Technolgy,Riyadh,Software Applications
Trans Horizons Trading Est,,Software Applications
Valu Plus,Jeddah,Software Applications
Visual Soft Center For Programs Producing,Dammam,Software Applications
VISVAL,Jeddah,Software Applications
Wesa Technology Co,Riyadh,Software Applications
ycl,Riyadh,Software Applications
Zad IT Group,Riyadh,Software Applications
Zoofi,Riyadh,Software Applications
Zoofi Technology Co,Riyadh,Software Applications
Advanced Information Co. (DENTECH),Riyadh,Software Applications
Al Moammar Information Systems Co,Riyadh,Software Applications
International Systems,Riyadh,Software Applications
Kinonah IT Consulting Co,Riyadh,Software Applications
Microtec,Jeddah,Software Applications
National Systems Co. For Computers,Riyadh,Software Applications
Optimal Technology Solutions,Riyadh,Software Applications
S.G.C.S,Jeddah,Software Applications
Startech Information Technology Est,,Software Applications
Aaly Technological Group,Riyadh,Software Applications
ABA Systems,Jeddah,Software Applications
Abdul Latif Al Kharsah Data Est,Riyadh,Software Applications
Abu Ras For Software & Networks,,Software Applications
Advanced Computer Systems Est,Riyadh,Software Applications
Al Ankupotiya,Jeddah,Software Applications
Alam Raheeb Trading Est,Riyadh,Software Applications
"Al Barraq For Computer, Copying Machines & Security Systems",Jeddah,Software Applications
Al Diar Al Aamerah For Computer,Riyadh,Software Applications
Al Elem Information Scurity Co,Riyadh,Software Applications
Al Faris Telecom & IT Est,Riyadh,Software Applications
Al Jraisi Co,Riyadh,Software Applications
Al Madar Technology,,Software Applications
Al Mantiqa Computers Est,Dammam,Software Applications
Al Muhasim For Computer & Office Fittings,Jeddah,Software Applications
Al Saqqa Saudi Computer Co,Riyadh,Software Applications
Al Zailaei Computer Center,Riyadh,Software Applications
Amwag Technology,Riyadh,Software Applications
Anas A. Zaid Trading Est,Riyadh,Software Applications
Anas Abdullah Zaid Trading Est,Riyadh,Software Applications
Aqlania Technology Co. Ltd,Riyadh,Software Applications
Arabian Knowledge Est,Riyadh,Software Applications
Arabian Science & Technology Est,,Software Applications
Arabian Sea Data Systems Co,Riyadh,Software Applications
Arasoft - All Arab Softwares Under One Roof,,Software Applications
Assist Saudi Arabia Ltd,Riyadh,Software Applications
Bassam For Tech. & Computer,Tabuk,Software Applications
Brooq Telecom Est,Riyadh,Software Applications
Cnfedinc To Deal,Khamis Mushait,Software Applications
Computer Home,Jeddah,Software Applications
Comperhensive Solutions Co. Ltd,Riyadh,Software Applications
Computer Data Base Est,Riyadh,Software Applications
Computer Galaxy,,Software Applications
Computers Software Trading Co. Ltd,Jeddah,Software Applications
Dar Al Mnafe For Computer,Riyadh,Software Applications
Data Triangle,Jeddah,Software Applications
Derbi Technology,Jeddah,Software Applications
Desert Maps Est,Riyadh,Software Applications
Directory Information System Co,Riyadh,Software Applications
Ebtesam Computer Tech & Communications ETCC,Jeddah,Software Applications
Ekad Software Computer Center,,Software Applications
Elite Data Base Development Co,Riyadh,Software Applications
Faw Technology Est,Riyadh,Software Applications
First For Games,Riyadh,Software Applications
Gardinia Manufacturing,Jeddah,Software Applications
3 GCO,Jeddah,Software Applications
Gig A Soft Information Technology,Dammam,Software Applications
Global Systems Est,Riyadh,Software Applications
Golden Matrix,Jeddah,Software Applications
Gulf Skimer Computer Tech. & Communications Est,Ha'il,Software Applications
Gym Master For Computer,Riyadh,Software Applications
Heritage Center Software Co,Riyadh,Software Applications
Hesham Akram Khojah Trading Est,Riyadh,Software Applications
Hi Tech Center,Dammam,Software Applications
H M R Systems,Jeddah,Software Applications
Idea Core For Tech,Riyadh,Software Applications
Ideal Computer Systems Co,Riyadh,Software Applications
Information Basis Trading Est,Riyadh,Software Applications
Information Managment Technologies Co. Ltd,Riyadh,Software Applications
Int'l. Center For Computer Systems & Communication,Riyadh,Software Applications
International Software Co,Riyadh,Software Applications
International Software Company,,Software Applications
Khaled Saad Al Daood Trading Est,Jeddah,Software Applications
KSB Computer Services,Jeddah,Software Applications
LBC Software Est,Riyadh,Software Applications
Madar Altkdm,Riyadh,Software Applications
Magdi Computer Systems,Jeddah,Software Applications
Masar Est. For Computer & Electronics,,Software Applications
Mathani Computers,Tabuk,Software Applications
Medak Arab Information Technology & Systems Analysis,Riyadh,Software Applications
Middle East Orbit Est,Jeddah,Software Applications
Mneef Amer Al Nahdi Computer Est,Jeddah,Software Applications
Modern Information & Systems Est,Al Khobar,Software Applications
Modern Software Est. For Computer,Riyadh,Software Applications
Modern Technology,Tabuk,Software Applications
My Computer For IT,,Software Applications
Nafidath Al Taqniah Computer Service Est,Riyadh,Software Applications
Next Generation For Information Technology NGIT,Riyadh,Software Applications
One Smart Solution STME,Riyadh,Software Applications
Planners Commercial Services Co,,Software Applications
Qimmat Al Haram Est. for IT,Riyadh,Software Applications
Queen Infotech,Jeddah,Software Applications
Range Computer Software Est,Riyadh,Software Applications
Rawayea Al Khobara Co. For Computer Trading,Tabuk,Software Applications
Remas Computer Center,,Software Applications
Samaris For Information Technology,Jeddah,Software Applications
Samer AlOmair Trading Est,Riyadh,Software Applications
Saudi Code for Information Tech,Al-Hasa,Software Applications
SDS Advanced E-Business Solutions,Jeddah,Software Applications
Sitech,Riyadh,Software Applications
Smart Info,Jeddah,Software Applications
SofDigital Systems,Riyadh,Software Applications
Somak Information Technology,,Software Applications
Sunrise and sunset,Riyadh,Software Applications
Support House Computer Co,Riyadh,Software Applications
Taif Al Aghar Computer Games,Riyadh,Software Applications
Techni Poles,Jeddah,Software Applications
Technology Waves Co,Riyadh,Software Applications
Telecommunication & Systems Co. Ltd,,Software Applications
The New Element,,Software Applications
Wareef United Co,Riyadh,Software Applications
Zero Datasoft Al Bassam,Dhahran,Software Applications
Alrida Information Systems & Computer Co,,Software Applications
Fast ​​Links Co,Riyadh,Software Applications
G.C.E,Jeddah,Software Applications
Tamimi networks,Riyadh,Software Applications
